name,busmap
virtual_way/1354168641:0-220,AL2 0AC
virtual_way/584975623:0-400,AL2 0AC
way/1256076415-220,AL2 0AC
way/1256089443-220,AL2 0AC
way/150003587-220,AL2 0AC
way/174609198-220,AL2 0AC
way/249066440-400,AL2 0AC
way/281014574-220,AL2 0AC
way/281014575-220,AL2 0AC
way/281014579-220,AL2 0AC
way/297775062-220,AL2 0AC
way/353712441-220,AL2 0AC
way/353712449-220,AL2 0AC
relation/18396881-380,AT2 0AC
virtual_relation/3952097:a:1-220,AT2 0AC
virtual_way/103401937:1-380,AT2 0AC
virtual_way/1203265439:1-380,AT2 0AC
virtual_way/199901909:1-380,AT2 0AC
virtual_way/26971631:0-220,AT2 0AC
virtual_way/28457294:1-380,AT2 0AC
virtual_way/28458149:0-380,AT2 0AC
virtual_way/42412115:1-220,AT2 0AC
virtual_way/763416490:0-380,AT2 0AC
virtual_way/796517281:1-380,AT2 0AC
virtual_way/82745755:0-220,AT2 0AC
virtual_way/83742802:1-380,AT2 0AC
virtual_way/83947313:1-380,AT2 0AC
virtual_way/84998489:0-220,AT2 0AC
virtual_way/951818305:1-380,AT2 0AC
virtual_way/95863557:a:0-220,AT2 0AC
virtual_way/99720896:0-380,AT2 0AC
way/1047447425-220,AT2 0AC
way/105065132-220,AT2 0AC
way/1051033055-220,AT2 0AC
way/107248400-380,AT2 0AC
way/118060597-380,AT2 0AC
way/1203160522-220,AT2 0AC
way/134565164-380,AT2 0AC
way/138407040-380,AT2 0AC
way/145583866-220,AT2 0AC
way/152245073-220,AT2 0AC
way/156973414-220,AT2 0AC
way/162826525-220,AT2 0AC
way/171066516-380,AT2 0AC
way/180468540-220,AT2 0AC
way/24253250-220,AT2 0AC
way/24768685-220,AT2 0AC
way/27673934-380,AT2 0AC
way/27763479-220,AT2 0AC
way/27795895-220,AT2 0AC
way/291703253-220,AT2 0AC
way/30042006-380,AT2 0AC
way/30076588-220,AT2 0AC
way/318616912-380,AT2 0AC
way/38868243-380,AT2 0AC
way/50650855-220,AT2 0AC
way/59531071-220,AT2 0AC
way/603139216-220,AT2 0AC
way/61108302-220,AT2 0AC
way/636620861-380,AT2 0AC
way/694695942-380,AT2 0AC
way/727225348-220,AT2 0AC
way/765101679-220,AT2 0AC
way/81684898-380,AT2 0AC
way/83529203-220,AT2 0AC
way/83740194-380,AT2 0AC
way/83742801-380,AT2 0AC
way/84789829-220,AT2 0AC
way/852324809-220,AT2 0AC
way/86119428-220,AT2 0AC
way/88680218-220,AT2 0AC
way/89451551-220,AT2 0AC
way/89985993-220,AT2 0AC
way/93077882-220,AT2 0AC
way/943595603-220,AT2 0AC
way/95812231-220,AT2 0AC
way/96616299-220,AT2 0AC
virtual_relation/4743310:a:1-220,BA2 0AC
virtual_way/156723492:1-220,BA2 0AC
virtual_way/184631098:1-220,BA2 0AC
virtual_way/191212861:1-220,BA2 0AC
virtual_way/237952002:1-400,BA2 0AC
virtual_way/355998734:1-220,BA2 0AC
virtual_way/366737813:0-220,BA2 0AC
virtual_way/408332925:1-220,BA2 0AC
virtual_way/511081961:1-220,BA2 0AC
virtual_way/511081962:a:1-220,BA2 0AC
virtual_way/713012097:c:1-220,BA2 0AC
way/175002028-400,BA2 0AC
way/182135762-220,BA2 0AC
way/184631102-220,BA2 0AC
way/220277360-220,BA2 0AC
way/222962996-400,BA2 0AC
way/251735977-220,BA2 0AC
way/302973446-220,BA2 0AC
way/302973449-220,BA2 0AC
way/394941091-400,BA2 0AC
way/395987791-220,BA2 0AC
way/692824732-220,BA2 0AC
way/79818891-220,BA2 0AC
way/841600752-220,BA2 0AC
way/89827347-220,BA2 0AC
relation/7578992-220,BE2 0AC
virtual_relation/10670456:0-380,BE2 0AC
virtual_way/147686438:0-380,BE2 0AC
virtual_way/16119536:0-380,BE2 0AC
virtual_way/161225685:a:1-220,BE2 0AC
virtual_way/161469069:0-380,BE2 0AC
virtual_way/161479351:0-380,BE2 0AC
virtual_way/23141413:0-380,BE2 0AC
virtual_way/48520916:1-380,BE2 0AC
virtual_way/87772589:0-380,BE2 0AC
virtual_way/91752659:1-220,BE2 0AC
way/1001478336-220,BE2 0AC
way/103041283-220,BE2 0AC
way/114082368-220,BE2 0AC
way/121085952-220,BE2 0AC
way/124703985-380,BE2 0AC
way/16584741-380,BE2 0AC
way/19783816-380,BE2 0AC
way/204940265-220,BE2 0AC
way/23136343-380,BE2 0AC
way/23136868-380,BE2 0AC
way/23141556-220,BE2 0AC
way/23151789-380,BE2 0AC
way/23175771-380,BE2 0AC
way/24552827-220,BE2 0AC
way/32002039-380,BE2 0AC
way/33814632-220,BE2 0AC
way/495688586-380,BE2 0AC
way/495688597-380,BE2 0AC
way/500788534-380,BE2 0AC
way/87529551-380,BE2 0AC
way/87763325-380,BE2 0AC
way/87772591-380,BE2 0AC
way/87772593-380,BE2 0AC
way/87779917-380,BE2 0AC
way/87807194-380,BE2 0AC
way/88373135-380,BE2 0AC
way/88799384-220,BE2 0AC
way/91142310-220,BE2 0AC
way/91752661-220,BE2 0AC
way/92007188-220,BE2 0AC
way/92015823-220,BE2 0AC
virtual_relation/20009833:a:1-220,BG2 0AC
virtual_way/1023909998:0-220,BG2 0AC
virtual_way/1023909999:0-220,BG2 0AC
virtual_way/1023909999:1-220,BG2 0AC
virtual_way/1097505501:0-400,BG2 0AC
virtual_way/1122919885:0-400,BG2 0AC
virtual_way/1122919886:0-400,BG2 0AC
virtual_way/114515157:1-400,BG2 0AC
virtual_way/114515997:0-400,BG2 0AC
virtual_way/1170367700:1-400,BG2 0AC
virtual_way/1170367717:0-400,BG2 0AC
virtual_way/1170367717:1-400,BG2 0AC
virtual_way/137605015:1-400,BG2 0AC
virtual_way/1389549654:a:0-400,BG2 0AC
virtual_way/1389549654:b:1-400,BG2 0AC
virtual_way/1389549685:0-400,BG2 0AC
virtual_way/1389549690:0-400,BG2 0AC
virtual_way/1389549697:0-400,BG2 0AC
virtual_way/1389549702:0-400,BG2 0AC
virtual_way/1389549707:0-400,BG2 0AC
virtual_way/1389549710:0-400,BG2 0AC
virtual_way/1389549713:1-400,BG2 0AC
virtual_way/1389549718:0-400,BG2 0AC
virtual_way/1389549723:0-400,BG2 0AC
virtual_way/1389549725:0-400,BG2 0AC
virtual_way/1389549727:0-400,BG2 0AC
virtual_way/1389549728:0-400,BG2 0AC
virtual_way/1389549729:0-400,BG2 0AC
virtual_way/1389597519:0-400,BG2 0AC
virtual_way/1389597524:0-400,BG2 0AC
virtual_way/1389597528:0-400,BG2 0AC
virtual_way/1389597529:0-400,BG2 0AC
virtual_way/1389597534:0-400,BG2 0AC
virtual_way/1389597543:0-400,BG2 0AC
virtual_way/1389597544:0-400,BG2 0AC
virtual_way/1389597548:0-400,BG2 0AC
virtual_way/1392210250:0-220,BG2 0AC
virtual_way/1392210250:1-220,BG2 0AC
virtual_way/1392210254:0-220,BG2 0AC
virtual_way/1392210254:1-220,BG2 0AC
virtual_way/1392210255:b:1-220,BG2 0AC
virtual_way/1392210257:1-220,BG2 0AC
virtual_way/1435263312:a:1-400,BG2 0AC
virtual_way/146669845:b:1-400,BG2 0AC
virtual_way/146669846:1-400,BG2 0AC
virtual_way/176754571:1-400,BG2 0AC
virtual_way/179323113:1-220,BG2 0AC
virtual_way/188481602:1-400,BG2 0AC
virtual_way/190339730:1-220,BG2 0AC
virtual_way/194174458:0-220,BG2 0AC
virtual_way/196558061:1-400,BG2 0AC
virtual_way/196558069:1-400,BG2 0AC
virtual_way/196558098:1-400,BG2 0AC
virtual_way/196574335:0-400,BG2 0AC
virtual_way/196574335:1-400,BG2 0AC
virtual_way/196574338:0-400,BG2 0AC
virtual_way/196574340:0-400,BG2 0AC
virtual_way/196574344:0-400,BG2 0AC
virtual_way/196574366:b:1-400,BG2 0AC
virtual_way/196574366:d:1-400,BG2 0AC
virtual_way/196578885:1-400,BG2 0AC
virtual_way/196578891:0-400,BG2 0AC
virtual_way/196578892:0-400,BG2 0AC
virtual_way/196578894:1-400,BG2 0AC
virtual_way/198233166:0-400,BG2 0AC
virtual_way/204971169:0-400,BG2 0AC
virtual_way/204971169:1-400,BG2 0AC
virtual_way/226153348:1-220,BG2 0AC
virtual_way/227121573:0-220,BG2 0AC
virtual_way/235044648:0-400,BG2 0AC
virtual_way/235044648:1-400,BG2 0AC
virtual_way/235044650:0-400,BG2 0AC
virtual_way/246439630:0-220,BG2 0AC
virtual_way/246439630:1-220,BG2 0AC
virtual_way/246912877:0-220,BG2 0AC
virtual_way/246912877:1-220,BG2 0AC
virtual_way/247774984:0-220,BG2 0AC
virtual_way/261267120:0-400,BG2 0AC
virtual_way/261379798:0-400,BG2 0AC
virtual_way/261379799:0-400,BG2 0AC
virtual_way/261379806:1-400,BG2 0AC
virtual_way/262545229:a:1-220,BG2 0AC
virtual_way/335787753:1-400,BG2 0AC
virtual_way/37028934:0-400,BG2 0AC
virtual_way/37028934:1-400,BG2 0AC
virtual_way/37030096:1-220,BG2 0AC
virtual_way/450314208:0-400,BG2 0AC
virtual_way/450314211:1-400,BG2 0AC
virtual_way/450516951:1-220,BG2 0AC
virtual_way/455598114:b:1-400,BG2 0AC
virtual_way/459097437:0-220,BG2 0AC
virtual_way/459097437:1-220,BG2 0AC
virtual_way/459097439:1-220,BG2 0AC
virtual_way/459117273:0-220,BG2 0AC
virtual_way/484337873:0-400,BG2 0AC
virtual_way/484337873:1-400,BG2 0AC
virtual_way/94754373:1-400,BG2 0AC
way/1287693974-220,BG2 0AC
way/144024767-400,BG2 0AC
way/144787750-220,BG2 0AC
way/148478396-400,BG2 0AC
way/157471230-220,BG2 0AC
way/157660797-220,BG2 0AC
way/176656979-400,BG2 0AC
way/176754569-400,BG2 0AC
way/179323117-220,BG2 0AC
way/200516868-220,BG2 0AC
way/220458404-220,BG2 0AC
way/232685942-220,BG2 0AC
way/235026409-220,BG2 0AC
way/235044638-400,BG2 0AC
way/243752614-400,BG2 0AC
way/253597954-220,BG2 0AC
way/259759898-220,BG2 0AC
way/262539285-220,BG2 0AC
way/37028932-400,BG2 0AC
way/37031322-220,BG2 0AC
way/37376386-220,BG2 0AC
way/462198915-220,BG2 0AC
way/59467541-220,BG2 0AC
way/96974919-220,BG2 0AC
way/98755129-220,BG2 0AC
relation/5378910-220,CH2 0AC
relation/7933294-380,CH2 0AC
relation/9310861-220,CH2 0AC
virtual_relation/5610122:1-220,CH2 0AC
virtual_relation/5610123:0-220,CH2 0AC
virtual_relation/5645820:1-220,CH2 0AC
virtual_relation/6031725:0-220,CH2 0AC
virtual_way/104450944:1-220,CH2 0AC
virtual_way/109814042:0-220,CH2 0AC
virtual_way/109814042:1-220,CH2 0AC
virtual_way/1178282957:0-220,CH2 0AC
virtual_way/1200670020:1-380,CH2 0AC
virtual_way/126304086:1-220,CH2 0AC
virtual_way/136073350:b:1-220,CH2 0AC
virtual_way/141333193:0-220,CH2 0AC
virtual_way/141333193:1-220,CH2 0AC
virtual_way/141442913:1-220,CH2 0AC
virtual_way/141442914:0-220,CH2 0AC
virtual_way/148642941:1-220,CH2 0AC
virtual_way/163857038:a:1-380,CH2 0AC
virtual_way/190447888:0-220,CH2 0AC
virtual_way/194683262:1-220,CH2 0AC
virtual_way/207876772:0-220,CH2 0AC
virtual_way/207876772:1-220,CH2 0AC
virtual_way/207895374:1-380,CH2 0AC
virtual_way/208404332:b:1-220,CH2 0AC
virtual_way/208487760:1-380,CH2 0AC
virtual_way/208560300:1-220,CH2 0AC
virtual_way/208625022:1-380,CH2 0AC
virtual_way/209111683:1-220,CH2 0AC
virtual_way/209111686:1-220,CH2 0AC
virtual_way/209130227:1-220,CH2 0AC
virtual_way/209288137:1-220,CH2 0AC
virtual_way/209288139:0-220,CH2 0AC
virtual_way/209288141:1-220,CH2 0AC
virtual_way/209288142:1-220,CH2 0AC
virtual_way/209288145:0-220,CH2 0AC
virtual_way/240692413:0-220,CH2 0AC
virtual_way/253361584:1-220,CH2 0AC
virtual_way/365557144:1-220,CH2 0AC
virtual_way/406403398:1-380,CH2 0AC
virtual_way/43125412:0-220,CH2 0AC
virtual_way/43125412:1-220,CH2 0AC
virtual_way/461199931:1-220,CH2 0AC
virtual_way/81247299:b:1-220,CH2 0AC
virtual_way/912545951:1-220,CH2 0AC
virtual_way/927740824:0-220,CH2 0AC
virtual_way/93377768:1-220,CH2 0AC
virtual_way/95726659:1-220,CH2 0AC
virtual_way/969811243:1-220,CH2 0AC
way/108257952-220,CH2 0AC
way/109037817-220,CH2 0AC
way/111162936-220,CH2 0AC
way/11282314-220,CH2 0AC
way/122720993-220,CH2 0AC
way/127004407-380,CH2 0AC
way/132373704-220,CH2 0AC
way/1327084723-220,CH2 0AC
way/140873735-220,CH2 0AC
way/146225999-220,CH2 0AC
way/147557680-220,CH2 0AC
way/147714395-220,CH2 0AC
way/148015471-220,CH2 0AC
way/159527493-220,CH2 0AC
way/161853746-220,CH2 0AC
way/165513396-220,CH2 0AC
way/177392130-220,CH2 0AC
way/190819048-220,CH2 0AC
way/192677427-220,CH2 0AC
way/194258388-220,CH2 0AC
way/207991759-380,CH2 0AC
way/207993342-220,CH2 0AC
way/208780268-380,CH2 0AC
way/210568055-220,CH2 0AC
way/211907009-220,CH2 0AC
way/212722603-220,CH2 0AC
way/215475257-220,CH2 0AC
way/22899676-220,CH2 0AC
way/234983117-220,CH2 0AC
way/236819191-220,CH2 0AC
way/239937062-220,CH2 0AC
way/240575085-220,CH2 0AC
way/240959264-220,CH2 0AC
way/242269161-220,CH2 0AC
way/26843160-220,CH2 0AC
way/27107779-220,CH2 0AC
way/281799252-220,CH2 0AC
way/281800404-220,CH2 0AC
way/281804158-220,CH2 0AC
way/281809991-220,CH2 0AC
way/281815404-220,CH2 0AC
way/281822905-220,CH2 0AC
way/30350721-220,CH2 0AC
way/31308888-220,CH2 0AC
way/33271433-220,CH2 0AC
way/35002638-220,CH2 0AC
way/356292116-220,CH2 0AC
way/35840165-380,CH2 0AC
way/365556107-220,CH2 0AC
way/365590455-220,CH2 0AC
way/391576135-220,CH2 0AC
way/391577741-220,CH2 0AC
way/397960460-380,CH2 0AC
way/402053379-220,CH2 0AC
way/402055336-220,CH2 0AC
way/431234146-220,CH2 0AC
way/455120191-220,CH2 0AC
way/50319857-220,CH2 0AC
way/52738225-220,CH2 0AC
way/55695765-220,CH2 0AC
way/55698557-220,CH2 0AC
way/71500123-220,CH2 0AC
way/758943072-220,CH2 0AC
way/773893754-220,CH2 0AC
way/802058337-220,CH2 0AC
way/803903329-220,CH2 0AC
way/89405664-220,CH2 0AC
way/89977424-220,CH2 0AC
way/92798668-220,CH2 0AC
way/936521586-380,CH2 0AC
way/969819301-220,CH2 0AC
way/98648381-220,CH2 0AC
virtual_relation/10043727:a:1-400,CZ2 0AC
virtual_relation/5168027:a:1-400,CZ2 0AC
virtual_way/113566137:0-400,CZ2 0AC
virtual_way/157331464:1-380,CZ2 0AC
virtual_way/174150969:0-220,CZ2 0AC
virtual_way/28099167:1-400,CZ2 0AC
virtual_way/28629413:1-400,CZ2 0AC
virtual_way/452032530:1-400,CZ2 0AC
way/149306820-220,CZ2 0AC
way/174152948-400,CZ2 0AC
way/175071712-400,CZ2 0AC
way/197827799-220,CZ2 0AC
way/26143409-400,CZ2 0AC
way/27849030-220,CZ2 0AC
way/27867392-400,CZ2 0AC
way/28099187-220,CZ2 0AC
way/28268556-400,CZ2 0AC
way/28348269-220,CZ2 0AC
way/28349754-220,CZ2 0AC
way/28382372-400,CZ2 0AC
way/28457258-400,CZ2 0AC
way/28468576-220,CZ2 0AC
way/28469397-400,CZ2 0AC
way/28470958-400,CZ2 0AC
way/28475691-220,CZ2 0AC
way/28476742-400,CZ2 0AC
way/28477054-220,CZ2 0AC
way/28478409-400,CZ2 0AC
way/28478418-220,CZ2 0AC
way/28479110-400,CZ2 0AC
way/28479829-400,CZ2 0AC
way/28622657-220,CZ2 0AC
way/28622793-400,CZ2 0AC
way/28624004-220,CZ2 0AC
way/28624204-400,CZ2 0AC
way/28624926-400,CZ2 0AC
way/28625556-220,CZ2 0AC
way/28626812-400,CZ2 0AC
way/28628927-400,CZ2 0AC
relation/17591073-220,DE2 4AC
virtual_relation/1109593:b:1-380,DE2 0AC
virtual_relation/1141616:b:1-380,DE2 3AC
virtual_relation/13073144:1-220,DE2 3AC
virtual_relation/14514424:c:1-380,DE2 0AC
virtual_relation/145510:b:1-380,DE2 3AC
virtual_relation/1641702:b:1-380,DE2 4AC
virtual_relation/18799873:a:0-220,DE2 4AC
virtual_relation/18799873:b:1-220,DE2 4AC
virtual_relation/2247305:c:1-220,DE2 3AC
virtual_relation/3697399:a:1-380,DE2 4AC
virtual_relation/3697399:b:1-380,DE2 4AC
virtual_relation/3732388:b:1-380,DE2 2AC
virtual_relation/3916522:a:1-380,DE2 4AC
virtual_relation/3937928:0-220,DE2 1AC
virtual_relation/3945260:a:0-220,DE2 4AC
virtual_relation/445559:a:1-380,DE2 1AC
virtual_relation/5497488:a:1-380,DE2 1AC
virtual_relation/5497488:b:1-380,DE2 1AC
virtual_way/104359892:1-220,DE2 0AC
virtual_way/10630667:1-380,DE2 4AC
virtual_way/106498910:0-220,DE2 0AC
virtual_way/107153162:1-220,DE2 0AC
virtual_way/107175372:0-220,DE2 0AC
virtual_way/107175828:0-220,DE2 0AC
virtual_way/107175828:1-220,DE2 0AC
virtual_way/108374914:0-220,DE2 0AC
virtual_way/108388744:1-380,DE2 4AC
virtual_way/109083561:0-220,DE2 0AC
virtual_way/1104914089:0-380,DE2 4AC
virtual_way/1118659219:1-220,DE2 0AC
virtual_way/111963058:1-380,DE2 0AC
virtual_way/1120289993:0-380,DE2 4AC
virtual_way/1130668496:0-380,DE2 0AC
virtual_way/114377991:1-220,DE2 0AC
virtual_way/115611453:1-220,DE2 0AC
virtual_way/1241983643:1-380,DE2 2AC
virtual_way/1244951664:1-380,DE2 2AC
virtual_way/125686889:0-220,DE2 2AC
virtual_way/125690615:0-220,DE2 2AC
virtual_way/1264466167:0-220,DE2 3AC
virtual_way/1336578348:0-380,DE2 4AC
virtual_way/1340163908:0-380,DE2 2AC
virtual_way/1359558141:1-380,DE2 1AC
virtual_way/136269731:0-220,DE2 0AC
virtual_way/137885048:1-220,DE2 0AC
virtual_way/1434798779:1-380,DE2 3AC
virtual_way/143855350:0-380,DE2 4AC
virtual_way/143901743:1-220,DE2 4AC
virtual_way/145129280:1-220,DE2 4AC
virtual_way/1451337852:0-220,DE2 1AC
virtual_way/147534818:0-380,DE2 0AC
virtual_way/149815387:1-220,DE2 0AC
virtual_way/150801571:1-380,DE2 0AC
virtual_way/151689335:0-380,DE2 0AC
virtual_way/151691301:1-380,DE2 0AC
virtual_way/151967297:0-380,DE2 0AC
virtual_way/152403697:0-220,DE2 0AC
virtual_way/152403718:1-220,DE2 0AC
virtual_way/152542160:1-220,DE2 4AC
virtual_way/152924506:0-220,DE2 4AC
virtual_way/152924515:0-220,DE2 4AC
virtual_way/155647668:0-220,DE2 1AC
virtual_way/156350633:1-220,DE2 4AC
virtual_way/156960646:1-380,DE2 3AC
virtual_way/169004950:1-380,DE2 0AC
virtual_way/169244947:0-220,DE2 4AC
virtual_way/17673603:0-380,DE2 4AC
virtual_way/17673603:1-380,DE2 4AC
virtual_way/178708511:1-220,DE2 1AC
virtual_way/184007156:1-380,DE2 0AC
virtual_way/189145558:0-220,DE2 0AC
virtual_way/199208152:1-380,DE2 1AC
virtual_way/200409360:0-220,DE2 4AC
virtual_way/201775656:0-220,DE2 0AC
virtual_way/207579638:1-220,DE2 0AC
virtual_way/207800275:0-220,DE2 0AC
virtual_way/215588442:0-220,DE2 0AC
virtual_way/22762380:1-220,DE2 0AC
virtual_way/231735880:1-380,DE2 1AC
virtual_way/231741801:1-220,DE2 4AC
virtual_way/23382106:1-380,DE2 4AC
virtual_way/23921168:0-380,DE2 4AC
virtual_way/23951301:0-220,DE2 1AC
virtual_way/24415006:1-380,DE2 0AC
virtual_way/24428696:1-380,DE2 0AC
virtual_way/24479976:0-220,DE2 0AC
virtual_way/24604796:a:1-380,DE2 1AC
virtual_way/24605510:1-220,DE2 1AC
virtual_way/24686695:0-220,DE2 0AC
virtual_way/24959946:1-380,DE2 0AC
virtual_way/25088919:1-220,DE2 0AC
virtual_way/25091009:0-380,DE2 0AC
virtual_way/25209869:1-380,DE2 0AC
virtual_way/25788425:1-220,DE2 0AC
virtual_way/259468196:0-220,DE2 3AC
virtual_way/259468196:1-220,DE2 3AC
virtual_way/26186272:1-220,DE2 4AC
virtual_way/26472663:1-380,DE2 3AC
virtual_way/26660205:0-380,DE2 4AC
virtual_way/27044875:0-220,DE2 0AC
virtual_way/27092940:1-220,DE2 0AC
virtual_way/277828184:1-380,DE2 4AC
virtual_way/28156584:0-380,DE2 4AC
virtual_way/28434869:0-380,DE2 4AC
virtual_way/28434872:1-380,DE2 4AC
virtual_way/286319128:1-220,DE2 4AC
virtual_way/29252733:0-220,DE2 1AC
virtual_way/29287463:0-220,DE2 0AC
virtual_way/29472851:0-220,DE2 0AC
virtual_way/30419117:1-380,DE2 3AC
virtual_way/30859575:1-220,DE2 2AC
virtual_way/32267173:1-380,DE2 1AC
virtual_way/32398460:1-380,DE2 1AC
virtual_way/32672606:0-220,DE2 0AC
virtual_way/32672606:1-220,DE2 0AC
virtual_way/32950166:0-220,DE2 3AC
virtual_way/33382745:1-220,DE2 0AC
virtual_way/34174518:1-380,DE2 1AC
virtual_way/345674978:0-380,DE2 0AC
virtual_way/34897791:0-220,DE2 0AC
virtual_way/34942575:0-220,DE2 3AC
virtual_way/34942575:1-220,DE2 3AC
virtual_way/35164077:0-220,DE2 0AC
virtual_way/362332802:a:1-380,DE2 4AC
virtual_way/36258837:0-380,DE2 0AC
virtual_way/373086441:0-220,DE2 4AC
virtual_way/39676389:1-380,DE2 3AC
virtual_way/40692628:1-220,DE2 4AC
virtual_way/40854817:0-380,DE2 4AC
virtual_way/40854817:1-380,DE2 4AC
virtual_way/41232147:1-380,DE2 1AC
virtual_way/41334818:1-220,DE2 4AC
virtual_way/41374777:0-380,DE2 0AC
virtual_way/41460654:0-380,DE2 4AC
virtual_way/41642831:1-220,DE2 2AC
virtual_way/41931527:1-380,DE2 0AC
virtual_way/42389033:1-380,DE2 4AC
virtual_way/42472171:0-380,DE2 4AC
virtual_way/42508055:1-220,DE2 0AC
virtual_way/42509126:1-220,DE2 0AC
virtual_way/42809893:1-380,DE2 0AC
virtual_way/42861709:0-380,DE2 0AC
virtual_way/42920884:1-220,DE2 0AC
virtual_way/42920999:0-220,DE2 0AC
virtual_way/43201818:c:1-380,DE2 4AC
virtual_way/45737386:1-380,DE2 1AC
virtual_way/45737389:0-220,DE2 1AC
virtual_way/54359261:1-220,DE2 0AC
virtual_way/574218866:0-380,DE2 1AC
virtual_way/60541934:1-220,DE2 0AC
virtual_way/60725324:1-380,DE2 0AC
virtual_way/60869542:1-220,DE2 0AC
virtual_way/61918209:1-380,DE2 0AC
virtual_way/632166208:1-220,DE2 0AC
virtual_way/66676627:1-220,DE2 0AC
virtual_way/68018969:0-220,DE2 0AC
virtual_way/68677653:0-220,DE2 0AC
virtual_way/68677653:1-220,DE2 0AC
virtual_way/73306291:1-220,DE2 2AC
virtual_way/738918647:0-380,DE2 1AC
virtual_way/741770435:1-380,DE2 0AC
virtual_way/77179258:1-220,DE2 0AC
virtual_way/77179273:0-380,DE2 0AC
virtual_way/8017477:1-220,DE2 3AC
virtual_way/82077681:0-380,DE2 0AC
virtual_way/82077681:1-380,DE2 0AC
virtual_way/850698155:0-380,DE2 0AC
virtual_way/881636336:0-380,DE2 1AC
virtual_way/88715832:0-380,DE2 0AC
virtual_way/906381479:1-220,DE2 0AC
virtual_way/907517163:1-380,DE2 1AC
virtual_way/91084404:0-220,DE2 2AC
virtual_way/91655753:0-220,DE2 0AC
virtual_way/92877620:1-220,DE2 0AC
virtual_way/92877623:0-220,DE2 0AC
virtual_way/93258454:0-220,DE2 4AC
virtual_way/95636530:1-380,DE2 4AC
virtual_way/95860782:0-380,DE2 4AC
virtual_way/971780154:a:0-220,DE2 3AC
way/1011084707-220,DE2 1AC
way/1024536785-380,DE2 0AC
way/102743264-220,DE2 4AC
way/1040551074-220,DE2 0AC
way/1068350839-380,DE2 3AC
way/1072574879-380,DE2 1AC
way/1076001174-220,DE2 0AC
way/1086825107-220,DE2 2AC
way/108797675-380,DE2 4AC
way/1089911133-380,DE2 1AC
way/1093896544-380,DE2 2AC
way/1094015892-220,DE2 3AC
way/109917397-380,DE2 3AC
way/1102237380-220,DE2 1AC
way/1107961833-380,DE2 1AC
way/1128250704-220,DE2 1AC
way/11285720-380,DE2 1AC
way/113546939-220,DE2 0AC
way/11500045-380,DE2 3AC
way/1191459479-220,DE2 1AC
way/1223405794-220,DE2 4AC
way/1245826064-380,DE2 0AC
way/1280364402-380,DE2 1AC
way/1280840212-380,DE2 0AC
way/1280843651-380,DE2 0AC
way/1282733005-220,DE2 3AC
way/132814303-220,DE2 0AC
way/133342285-220,DE2 2AC
way/133349218-220,DE2 2AC
way/137602559-220,DE2 2AC
way/143854536-380,DE2 4AC
way/143903369-220,DE2 4AC
way/1443360811-220,DE2 4AC
way/145002769-380,DE2 4AC
way/145680894-220,DE2 0AC
way/1457146135-380,DE2 0AC
way/1457148205-380,DE2 0AC
way/1457398329-380,DE2 0AC
way/1457401987-220,DE2 0AC
way/1460084299-380,DE2 0AC
way/1462794215-380,DE2 0AC
way/1462796335-220,DE2 0AC
way/1463052734-380,DE2 1AC
way/1463441460-380,DE2 0AC
way/1463641515-220,DE2 0AC
way/1463642809-220,DE2 0AC
way/1463871347-220,DE2 0AC
way/1463872032-220,DE2 0AC
way/1463882574-380,DE2 0AC
way/1463920457-380,DE2 0AC
way/1464535491-220,DE2 0AC
way/1464536984-220,DE2 0AC
way/1464561951-380,DE2 4AC
way/1464801125-220,DE2 3AC
way/1467276102-220,DE2 4AC
way/147521567-380,DE2 4AC
way/148446247-380,DE2 4AC
way/149256409-380,DE2 2AC
way/149987048-220,DE2 4AC
way/151967290-220,DE2 0AC
way/151967291-220,DE2 0AC
way/152018146-220,DE2 4AC
way/152107815-380,DE2 4AC
way/152261133-220,DE2 4AC
way/152403632-220,DE2 0AC
way/152924498-220,DE2 4AC
way/152924508-220,DE2 4AC
way/156402422-220,DE2 4AC
way/156673636-380,DE2 1AC
way/156676050-220,DE2 4AC
way/156960655-380,DE2 1AC
way/157164284-220,DE2 1AC
way/157328339-380,DE2 3AC
way/157806991-380,DE2 3AC
way/160584794-380,DE2 0AC
way/170123812-380,DE2 3AC
way/172997498-220,DE2 1AC
way/18629425-220,DE2 2AC
way/198448981-380,DE2 4AC
way/206289192-380,DE2 0AC
way/207248812-220,DE2 4AC
way/22720647-220,DE2 1AC
way/22761839-220,DE2 0AC
way/22765517-220,DE2 0AC
way/22766160-220,DE2 0AC
way/22944791-220,DE2 0AC
way/22960899-380,DE2 4AC
way/22973052-220,DE2 3AC
way/23084554-220,DE2 0AC
way/23117075-220,DE2 3AC
way/23284340-220,DE2 4AC
way/23380800-220,DE2 0AC
way/234171369-380,DE2 3AC
way/23583867-380,DE2 1AC
way/23641079-220,DE2 4AC
way/23899043-380,DE2 1AC
way/24042358-380,DE2 4AC
way/24158385-220,DE2 2AC
way/24230738-380,DE2 1AC
way/24237879-220,DE2 2AC
way/24258096-380,DE2 1AC
way/24262656-220,DE2 1AC
way/24272339-380,DE2 1AC
way/24413992-380,DE2 1AC
way/24462426-220,DE2 0AC
way/24478889-220,DE2 0AC
way/24479003-220,DE2 0AC
way/24493551-380,DE2 1AC
way/24502420-380,DE2 1AC
way/24604789-380,DE2 1AC
way/24667346-220,DE2 0AC
way/24685992-380,DE2 4AC
way/24705761-220,DE2 2AC
way/24757392-380,DE2 2AC
way/24757393-380,DE2 2AC
way/24757833-380,DE2 2AC
way/24758329-380,DE2 2AC
way/24759324-220,DE2 2AC
way/24768051-220,DE2 2AC
way/24799890-220,DE2 0AC
way/24839976-220,DE2 0AC
way/24921206-220,DE2 0AC
way/24976300-220,DE2 2AC
way/25051880-220,DE2 0AC
way/25306752-220,DE2 4AC
way/25306938-380,DE2 1AC
way/25786404-220,DE2 4AC
way/26245195-220,DE2 2AC
way/26260052-380,DE2 4AC
way/26404600-380,DE2 4AC
way/26474759-380,DE2 1AC
way/26593929-380,DE2 0AC
way/266684854-380,DE2 1AC
way/26814283-380,DE2 4AC
way/26927264-380,DE2 0AC
way/27124619-220,DE2 1AC
way/27149550-220,DE2 3AC
way/274603394-380,DE2 3AC
way/274630377-220,DE2 1AC
way/27646106-220,DE2 1AC
way/27739871-220,DE2 1AC
way/27871140-220,DE2 0AC
way/27919734-220,DE2 0AC
way/28008024-220,DE2 1AC
way/28327356-380,DE2 1AC
way/28343121-380,DE2 1AC
way/28397771-220,DE2 1AC
way/28452784-220,DE2 0AC
way/28613721-380,DE2 2AC
way/28729619-380,DE2 3AC
way/28812249-220,DE2 1AC
way/28956649-220,DE2 2AC
way/29077623-220,DE2 0AC
way/29084374-380,DE2 2AC
way/29309786-380,DE2 1AC
way/29331499-220,DE2 3AC
way/29374542-220,DE2 0AC
way/29472852-220,DE2 0AC
way/29713902-380,DE2 3AC
way/30017786-220,DE2 1AC
way/30039908-380,DE2 3AC
way/30040568-380,DE2 1AC
way/301158539-380,DE2 1AC
way/30132758-380,DE2 3AC
way/30164703-380,DE2 3AC
way/30303506-380,DE2 3AC
way/30613895-380,DE2 2AC
way/30622610-220,DE2 1AC
way/30954714-380,DE2 3AC
way/31024391-220,DE2 1AC
way/31105067-380,DE2 2AC
way/31131325-380,DE2 4AC
way/31367936-220,DE2 4AC
way/31367940-220,DE2 4AC
way/31653753-380,DE2 4AC
way/31762305-220,DE2 0AC
way/32042992-380,DE2 0AC
way/32063539-380,DE2 3AC
way/32076853-220,DE2 1AC
way/32151621-220,DE2 4AC
way/32472806-380,DE2 0AC
way/32690742-380,DE2 3AC
way/32725957-220,DE2 4AC
way/32843531-220,DE2 3AC
way/32904794-380,DE2 1AC
way/32966636-220,DE2 4AC
way/33042984-220,DE2 1AC
way/33411203-220,DE2 1AC
way/35176751-220,DE2 1AC
way/358679964-380,DE2 1AC
way/373967500-380,DE2 0AC
way/37721677-380,DE2 4AC
way/37764852-220,DE2 0AC
way/38325076-380,DE2 2AC
way/38661452-380,DE2 4AC
way/395847307-220,DE2 0AC
way/39688875-220,DE2 3AC
way/398680313-380,DE2 3AC
way/409305507-220,DE2 4AC
way/41389594-220,DE2 4AC
way/414169327-380,DE2 3AC
way/42372159-380,DE2 4AC
way/42410916-220,DE2 4AC
way/42423415-380,DE2 0AC
way/42488850-380,DE2 0AC
way/42507488-220,DE2 0AC
way/42681484-380,DE2 1AC
way/42736239-380,DE2 4AC
way/42797575-380,DE2 0AC
way/42861703-220,DE2 0AC
way/43163132-380,DE2 3AC
way/43688805-220,DE2 4AC
way/442199284-380,DE2 3AC
way/449010725-380,DE2 1AC
way/460134233-220,DE2 3AC
way/46584363-220,DE2 4AC
way/46615737-380,DE2 3AC
way/48428875-380,DE2 4AC
way/49577401-220,DE2 0AC
way/50898216-380,DE2 0AC
way/515358077-380,DE2 3AC
way/517421342-220,DE2 3AC
way/518455594-380,DE2 3AC
way/525964629-380,DE2 1AC
way/53378027-380,DE2 2AC
way/54359256-220,DE2 0AC
way/55069713-380,DE2 4AC
way/57727004-220,DE2 2AC
way/59026005-380,DE2 3AC
way/59707532-380,DE2 3AC
way/60032354-220,DE2 1AC
way/61918154-220,DE2 0AC
way/683227471-380,DE2 2AC
way/68532663-220,DE2 2AC
way/68549340-220,DE2 0AC
way/691662101-380,DE2 4AC
way/74893659-380,DE2 1AC
way/76246159-380,DE2 2AC
way/77038371-380,DE2 2AC
way/77694901-220,DE2 2AC
way/77697810-380,DE2 2AC
way/78441561-380,DE2 2AC
way/796306640-380,DE2 0AC
way/797009308-380,DE2 0AC
way/810315511-380,DE2 1AC
way/82773910-220,DE2 0AC
way/851299584-380,DE2 3AC
way/85523877-220,DE2 4AC
way/87653464-220,DE2 4AC
way/87722999-220,DE2 1AC
way/87767098-380,DE2 0AC
way/883768276-380,DE2 1AC
way/883768277-380,DE2 1AC
way/883928228-380,DE2 1AC
way/883928229-380,DE2 1AC
way/88901626-380,DE2 4AC
way/88916034-220,DE2 4AC
way/88945213-380,DE2 2AC
way/89176939-220,DE2 0AC
way/89215122-220,DE2 0AC
way/90148336-220,DE2 0AC
way/907539360-380,DE2 1AC
way/91854336-220,DE2 0AC
way/93278553-220,DE2 0AC
way/93341407-380,DE2 2AC
way/940922557-380,DE2 3AC
way/941198517-380,DE2 3AC
way/941453716-380,DE2 3AC
way/941805476-380,DE2 3AC
way/942448206-220,DE2 3AC
way/942771541-380,DE2 3AC
way/943444232-220,DE2 3AC
way/943939310-380,DE2 3AC
way/945346148-220,DE2 3AC
way/946025110-380,DE2 3AC
way/946710698-220,DE2 3AC
way/947118608-380,DE2 3AC
way/947801636-220,DE2 3AC
way/948341123-380,DE2 1AC
way/951273401-380,DE2 1AC
way/951773852-380,DE2 1AC
way/952004951-380,DE2 1AC
way/952346322-380,DE2 0AC
way/953015049-380,DE2 1AC
way/953757606-380,DE2 1AC
way/953757608-380,DE2 1AC
way/954305865-220,DE2 0AC
way/955268863-220,DE2 1AC
way/957746797-220,DE2 1AC
way/968286361-220,DE2 0AC
way/97825259-220,DE2 4AC
virtual_way/542553909:0-220,DK0 0AC
virtual_way/542553909:1-220,DK0 0AC
virtual_way/865474891:0-220,DK0 0AC
way/131339683-400,DK0 0AC
way/133082281-400,DK0 0AC
way/160792651-400,DK0 0AC
way/26452107-400,DK0 0AC
way/26931725-220,DK0 0AC
way/889061694-220,DK0 0AC
virtual_relation/5207534:b:1-400,DK2 0AC
virtual_way/166885671:0-400,DK2 0AC
virtual_way/252095609:1-400,DK2 0AC
virtual_way/385384761:0-400,DK2 0AC
virtual_way/399008275:0-400,DK2 0AC
virtual_way/98212649:b:1-400,DK2 0AC
virtual_way/98214734:0-400,DK2 0AC
virtual_way/98527117:0-400,DK2 0AC
way/1101832649-400,DK2 0AC
way/1271587272-400,DK2 0AC
way/1284726676-220,DK2 0AC
way/1384028957-400,DK2 0AC
way/250212215-400,DK2 0AC
way/42128776-400,DK2 0AC
way/69424173-400,DK2 0AC
way/95713495-400,DK2 0AC
way/95840891-400,DK2 0AC
way/95868396-400,DK2 0AC
way/98033206-400,DK2 0AC
way/98212652-400,DK2 0AC
way/98216482-400,DK2 0AC
way/98524305-400,DK2 0AC
way/98526640-220,DK2 0AC
virtual_relation/5950641:0-220,EE2 0AC
virtual_way/262191428:1-330,EE2 0AC
virtual_way/34920722:0-330,EE2 0AC
way/1328993407-330,EE2 0AC
way/34682059-330,EE2 0AC
way/34682089-330,EE2 0AC
way/34685101-330,EE2 0AC
way/34685113-330,EE2 0AC
way/34920699-330,EE2 0AC
way/34935436-330,EE2 0AC
way/34968224-330,EE2 0AC
way/35343343-330,EE2 0AC
way/35450930-330,EE2 0AC
way/743155118-330,EE2 0AC
way/768781614-330,EE2 0AC
relation/15715982-220,ES2 0AC
relation/16809528-220,ES2 0AC
relation/17148268-220,ES2 0AC
relation/17678185-220,ES2 0AC
relation/17805735-220,ES2 0AC
virtual_relation/4742468:a:0-220,ES2 0AC
virtual_relation/4742468:a:1-220,ES2 0AC
virtual_relation/4742657:b:1-220,ES2 0AC
virtual_relation/4851851:a:1-220,ES2 0AC
virtual_relation/4851851:b:1-220,ES2 0AC
virtual_relation/6804064:d:1-400,ES2 0AC
virtual_relation/6804064:f:1-400,ES2 0AC
virtual_relation/6804108:b:1-400,ES2 0AC
virtual_relation/6842897:a:1-400,ES2 0AC
virtual_relation/6848538:a:1-220,ES2 0AC
virtual_relation/6848539:b:1-220,ES2 0AC
virtual_relation/8481943:a:1-400,ES2 0AC
virtual_way/101953923:1-400,ES2 0AC
virtual_way/107745279:0-220,ES2 0AC
virtual_way/111700589:1-220,ES2 0AC
virtual_way/117635377:0-400,ES2 0AC
virtual_way/118319291:0-400,ES2 0AC
virtual_way/118319291:1-400,ES2 0AC
virtual_way/121810833:0-220,ES2 0AC
virtual_way/121810833:1-220,ES2 0AC
virtual_way/1232962947:0-400,ES2 0AC
virtual_way/124121963:0-220,ES2 0AC
virtual_way/1252171506:0-220,ES2 0AC
virtual_way/1255796401:1-220,ES2 0AC
virtual_way/126230841:0-400,ES2 0AC
virtual_way/126987002:0-400,ES2 0AC
virtual_way/126987035:0-400,ES2 0AC
virtual_way/127249104:b:1-220,ES2 0AC
virtual_way/127528721:1-220,ES2 0AC
virtual_way/127787666:1-400,ES2 0AC
virtual_way/1288723718:1-400,ES2 0AC
virtual_way/129506866:1-220,ES2 0AC
virtual_way/129692423:0-400,ES2 0AC
virtual_way/1297367917:1-220,ES2 0AC
virtual_way/1302963581:1-220,ES2 0AC
virtual_way/1304852266:0-220,ES2 0AC
virtual_way/1323461404:1-220,ES2 0AC
virtual_way/135692900:a:1-400,ES2 0AC
virtual_way/135756632:1-400,ES2 0AC
virtual_way/135758885:1-220,ES2 0AC
virtual_way/135759309:b:1-220,ES2 0AC
virtual_way/139129334:1-400,ES2 0AC
virtual_way/142690943:1-220,ES2 0AC
virtual_way/143207669:0-220,ES2 0AC
virtual_way/143207675:1-400,ES2 0AC
virtual_way/143483656:1-220,ES2 0AC
virtual_way/143483657:1-220,ES2 0AC
virtual_way/143483659:1-220,ES2 0AC
virtual_way/143483672:1-220,ES2 0AC
virtual_way/143483675:0-220,ES2 0AC
virtual_way/143483686:1-220,ES2 0AC
virtual_way/143483690:0-220,ES2 0AC
virtual_way/143483694:0-220,ES2 0AC
virtual_way/144116979:a:1-220,ES2 0AC
virtual_way/144138399:1-220,ES2 0AC
virtual_way/144156736:a:1-220,ES2 0AC
virtual_way/144156736:b:1-220,ES2 0AC
virtual_way/144158989:0-220,ES2 0AC
virtual_way/144158992:a:1-220,ES2 0AC
virtual_way/144161444:a:1-220,ES2 0AC
virtual_way/144161450:a:1-220,ES2 0AC
virtual_way/144161452:0-220,ES2 0AC
virtual_way/144297345:1-220,ES2 0AC
virtual_way/144306667:a:1-220,ES2 0AC
virtual_way/144312478:1-220,ES2 0AC
virtual_way/144327134:0-220,ES2 0AC
virtual_way/144327153:0-220,ES2 0AC
virtual_way/144775942:1-220,ES2 0AC
virtual_way/144778700:1-220,ES2 0AC
virtual_way/144787733:0-220,ES2 0AC
virtual_way/144787733:1-220,ES2 0AC
virtual_way/144787740:1-220,ES2 0AC
virtual_way/144787743:0-220,ES2 0AC
virtual_way/144798099:0-220,ES2 0AC
virtual_way/144798278:0-220,ES2 0AC
virtual_way/144798624:1-220,ES2 0AC
virtual_way/144801452:1-220,ES2 0AC
virtual_way/144827708:0-220,ES2 0AC
virtual_way/144830549:1-220,ES2 0AC
virtual_way/144909704:d:1-400,ES2 0AC
virtual_way/144909715:1-400,ES2 0AC
virtual_way/144915397:a:1-400,ES2 0AC
virtual_way/144915409:a:1-220,ES2 0AC
virtual_way/144915409:b:1-220,ES2 0AC
virtual_way/144926478:0-220,ES2 0AC
virtual_way/144931781:1-400,ES2 0AC
virtual_way/145179181:1-220,ES2 0AC
virtual_way/145181917:0-400,ES2 0AC
virtual_way/145181922:1-400,ES2 0AC
virtual_way/145302681:0-220,ES2 0AC
virtual_way/145302681:1-220,ES2 0AC
virtual_way/145302685:0-220,ES2 0AC
virtual_way/145312944:1-400,ES2 0AC
virtual_way/145316515:1-220,ES2 0AC
virtual_way/145430556:1-400,ES2 0AC
virtual_way/145431189:1-400,ES2 0AC
virtual_way/145431965:1-400,ES2 0AC
virtual_way/145456407:0-220,ES2 0AC
virtual_way/145456419:0-220,ES2 0AC
virtual_way/145456419:1-220,ES2 0AC
virtual_way/145456421:0-220,ES2 0AC
virtual_way/145461764:1-220,ES2 0AC
virtual_way/145478943:1-220,ES2 0AC
virtual_way/145594442:1-220,ES2 0AC
virtual_way/145614726:1-400,ES2 0AC
virtual_way/145618129:1-220,ES2 0AC
virtual_way/145623521:1-220,ES2 0AC
virtual_way/145623528:0-220,ES2 0AC
virtual_way/145623532:0-220,ES2 0AC
virtual_way/145792622:1-220,ES2 0AC
virtual_way/145821097:a:1-220,ES2 0AC
virtual_way/146812025:0-220,ES2 0AC
virtual_way/147496386:0-220,ES2 0AC
virtual_way/154492235:1-220,ES2 0AC
virtual_way/155078565:0-220,ES2 0AC
virtual_way/155078565:1-220,ES2 0AC
virtual_way/159071540:1-220,ES2 0AC
virtual_way/165014971:1-220,ES2 0AC
virtual_way/165014974:0-400,ES2 0AC
virtual_way/169496739:1-220,ES2 0AC
virtual_way/169523033:0-220,ES2 0AC
virtual_way/169523040:0-220,ES2 0AC
virtual_way/169680269:1-220,ES2 0AC
virtual_way/169759378:1-220,ES2 0AC
virtual_way/169769005:1-220,ES2 0AC
virtual_way/169769007:0-400,ES2 0AC
virtual_way/169882246:0-220,ES2 0AC
virtual_way/170014038:0-400,ES2 0AC
virtual_way/170162237:1-220,ES2 0AC
virtual_way/170189888:0-220,ES2 0AC
virtual_way/170272142:a:1-400,ES2 0AC
virtual_way/170389316:1-220,ES2 0AC
virtual_way/170433609:1-220,ES2 0AC
virtual_way/170479579:0-400,ES2 0AC
virtual_way/170479579:1-400,ES2 0AC
virtual_way/170479581:1-400,ES2 0AC
virtual_way/170479590:0-400,ES2 0AC
virtual_way/170479595:a:1-220,ES2 0AC
virtual_way/170485427:0-400,ES2 0AC
virtual_way/170485430:1-220,ES2 0AC
virtual_way/170485442:1-220,ES2 0AC
virtual_way/170607796:0-220,ES2 0AC
virtual_way/170671538:1-220,ES2 0AC
virtual_way/170779402:b:1-220,ES2 0AC
virtual_way/170792586:0-220,ES2 0AC
virtual_way/170792599:1-220,ES2 0AC
virtual_way/170949166:1-400,ES2 0AC
virtual_way/170950151:1-400,ES2 0AC
virtual_way/170968159:0-220,ES2 0AC
virtual_way/170983467:0-220,ES2 0AC
virtual_way/170983468:1-220,ES2 0AC
virtual_way/171113520:0-220,ES2 0AC
virtual_way/171113526:1-220,ES2 0AC
virtual_way/171249737:0-220,ES2 0AC
virtual_way/171256171:a:1-400,ES2 0AC
virtual_way/171260458:0-400,ES2 0AC
virtual_way/171260460:1-220,ES2 0AC
virtual_way/171260473:1-220,ES2 0AC
virtual_way/171536996:1-220,ES2 0AC
virtual_way/171557468:0-220,ES2 0AC
virtual_way/171558293:1-220,ES2 0AC
virtual_way/171558294:a:1-220,ES2 0AC
virtual_way/176820945:0-220,ES2 0AC
virtual_way/178126931:1-220,ES2 0AC
virtual_way/178409458:1-220,ES2 0AC
virtual_way/181664118:1-220,ES2 0AC
virtual_way/181674246:0-220,ES2 0AC
virtual_way/181916247:1-220,ES2 0AC
virtual_way/181916252:1-220,ES2 0AC
virtual_way/182089444:0-220,ES2 0AC
virtual_way/182260864:1-220,ES2 0AC
virtual_way/188524786:1-220,ES2 0AC
virtual_way/188593992:0-220,ES2 0AC
virtual_way/188593993:0-220,ES2 0AC
virtual_way/188737729:1-400,ES2 0AC
virtual_way/189171422:0-400,ES2 0AC
virtual_way/189171422:1-400,ES2 0AC
virtual_way/190038871:0-400,ES2 0AC
virtual_way/190110743:1-220,ES2 0AC
virtual_way/190110748:a:1-220,ES2 0AC
virtual_way/190248193:1-220,ES2 0AC
virtual_way/191054131:0-220,ES2 0AC
virtual_way/191492710:0-220,ES2 0AC
virtual_way/192313168:0-220,ES2 0AC
virtual_way/192643724:1-400,ES2 0AC
virtual_way/193593279:b:1-400,ES2 0AC
virtual_way/194351442:1-220,ES2 0AC
virtual_way/194369827:a:1-400,ES2 0AC
virtual_way/194701799:0-220,ES2 0AC
virtual_way/194701799:1-220,ES2 0AC
virtual_way/196202216:a:1-220,ES2 0AC
virtual_way/196207062:1-400,ES2 0AC
virtual_way/196371122:0-220,ES2 0AC
virtual_way/196377182:0-400,ES2 0AC
virtual_way/196377186:0-400,ES2 0AC
virtual_way/196379340:0-220,ES2 0AC
virtual_way/196379345:0-220,ES2 0AC
virtual_way/196382206:0-220,ES2 0AC
virtual_way/196392711:1-220,ES2 0AC
virtual_way/196392712:1-220,ES2 0AC
virtual_way/196483353:0-220,ES2 0AC
virtual_way/196483357:1-220,ES2 0AC
virtual_way/196526410:1-220,ES2 0AC
virtual_way/196533194:1-220,ES2 0AC
virtual_way/203227159:1-220,ES2 0AC
virtual_way/203227160:1-220,ES2 0AC
virtual_way/204049670:1-220,ES2 0AC
virtual_way/259888152:a:1-220,ES2 0AC
virtual_way/260017341:a:1-400,ES2 0AC
virtual_way/271039582:0-220,ES2 0AC
virtual_way/297124382:1-220,ES2 0AC
virtual_way/36906941:1-400,ES2 0AC
virtual_way/39215181:1-220,ES2 0AC
virtual_way/39216279:0-400,ES2 0AC
virtual_way/39216591:a:1-220,ES2 0AC
virtual_way/398913901:0-220,ES2 0AC
virtual_way/399284294:1-220,ES2 0AC
virtual_way/44505374:1-220,ES2 0AC
virtual_way/45853783:0-400,ES2 0AC
virtual_way/52287252:1-400,ES2 0AC
virtual_way/52493279:a:1-220,ES2 0AC
virtual_way/54166978:a:1-400,ES2 0AC
virtual_way/54678315:a:1-400,ES2 0AC
virtual_way/56137336:0-220,ES2 0AC
virtual_way/56137336:1-220,ES2 0AC
virtual_way/582657079:0-220,ES2 0AC
virtual_way/60348033:1-400,ES2 0AC
virtual_way/60348034:1-220,ES2 0AC
virtual_way/60351384:0-220,ES2 0AC
virtual_way/60351392:1-220,ES2 0AC
virtual_way/61161169:1-220,ES2 0AC
virtual_way/61187717:1-400,ES2 0AC
virtual_way/62329124:0-220,ES2 0AC
virtual_way/62329124:1-220,ES2 0AC
virtual_way/683574601:1-400,ES2 0AC
virtual_way/71925777:0-220,ES2 0AC
virtual_way/71925777:1-220,ES2 0AC
virtual_way/74384027:1-400,ES2 0AC
virtual_way/74385436:0-400,ES2 0AC
virtual_way/77593997:0-220,ES2 0AC
virtual_way/77594065:1-220,ES2 0AC
virtual_way/782208872:0-220,ES2 0AC
virtual_way/80208422:1-220,ES2 0AC
virtual_way/85816981:0-220,ES2 0AC
virtual_way/86411234:a:1-220,ES2 0AC
virtual_way/86411234:b:1-220,ES2 0AC
virtual_way/88447668:0-220,ES2 0AC
virtual_way/88760628:1-220,ES2 0AC
virtual_way/91441013:a:1-220,ES2 0AC
virtual_way/91441013:b:1-220,ES2 0AC
virtual_way/91441013:c:1-220,ES2 0AC
virtual_way/91441013:d:1-220,ES2 0AC
virtual_way/91679026:1-220,ES2 0AC
virtual_way/93227304:0-400,ES2 0AC
virtual_way/93227304:1-400,ES2 0AC
virtual_way/93267462:1-220,ES2 0AC
virtual_way/93623941:1-220,ES2 0AC
virtual_way/97403318:1-220,ES2 0AC
way/101078312-220,ES2 0AC
way/1028926498-220,ES2 0AC
way/103158873-220,ES2 0AC
way/103190094-220,ES2 0AC
way/103511952-220,ES2 0AC
way/104020696-220,ES2 0AC
way/104026138-220,ES2 0AC
way/104370242-220,ES2 0AC
way/104730022-220,ES2 0AC
way/105259481-400,ES2 0AC
way/107479377-220,ES2 0AC
way/110506713-220,ES2 0AC
way/111584995-220,ES2 0AC
way/1141933143-220,ES2 0AC
way/1153834517-400,ES2 0AC
way/1154224087-220,ES2 0AC
way/115680075-220,ES2 0AC
way/118057369-220,ES2 0AC
way/118641117-220,ES2 0AC
way/1218840771-400,ES2 0AC
way/1232240349-220,ES2 0AC
way/1241153459-400,ES2 0AC
way/124121964-220,ES2 0AC
way/1243143644-220,ES2 0AC
way/1245390527-220,ES2 0AC
way/1246090890-220,ES2 0AC
way/1252105002-220,ES2 0AC
way/1252514183-220,ES2 0AC
way/1255236015-220,ES2 0AC
way/1257151190-220,ES2 0AC
way/1258841550-220,ES2 0AC
way/126100935-220,ES2 0AC
way/1262644008-220,ES2 0AC
way/1262722032-220,ES2 0AC
way/1262722037-220,ES2 0AC
way/1262731213-220,ES2 0AC
way/1263211052-220,ES2 0AC
way/1266061515-220,ES2 0AC
way/1266081844-220,ES2 0AC
way/1267694217-400,ES2 0AC
way/1267909080-220,ES2 0AC
way/126881765-400,ES2 0AC
way/126987023-220,ES2 0AC
way/1270848181-400,ES2 0AC
way/1273759380-220,ES2 0AC
way/127528728-220,ES2 0AC
way/1275359449-220,ES2 0AC
way/127605081-220,ES2 0AC
way/1277630100-220,ES2 0AC
way/127787669-400,ES2 0AC
way/128873801-220,ES2 0AC
way/129441519-220,ES2 0AC
way/129767234-220,ES2 0AC
way/1332493810-400,ES2 0AC
way/1344277366-220,ES2 0AC
way/134884956-400,ES2 0AC
way/140011919-400,ES2 0AC
way/140781473-220,ES2 0AC
way/143207685-220,ES2 0AC
way/143207686-220,ES2 0AC
way/143483652-220,ES2 0AC
way/143483653-220,ES2 0AC
way/144138407-220,ES2 0AC
way/144138410-220,ES2 0AC
way/144138420-400,ES2 0AC
way/144156731-220,ES2 0AC
way/144233436-220,ES2 0AC
way/144297377-220,ES2 0AC
way/144297438-220,ES2 0AC
way/144306676-220,ES2 0AC
way/144312477-220,ES2 0AC
way/144312479-220,ES2 0AC
way/144327151-220,ES2 0AC
way/144327157-220,ES2 0AC
way/144487932-220,ES2 0AC
way/144767096-400,ES2 0AC
way/144775943-220,ES2 0AC
way/144787749-220,ES2 0AC
way/144812118-220,ES2 0AC
way/144813618-220,ES2 0AC
way/144827711-220,ES2 0AC
way/144909709-400,ES2 0AC
way/144909722-400,ES2 0AC
way/144909723-400,ES2 0AC
way/144915428-220,ES2 0AC
way/144915438-400,ES2 0AC
way/144922719-220,ES2 0AC
way/144926472-220,ES2 0AC
way/144931782-400,ES2 0AC
way/144933376-400,ES2 0AC
way/144941889-400,ES2 0AC
way/144942113-400,ES2 0AC
way/145171008-400,ES2 0AC
way/145302702-220,ES2 0AC
way/145312949-400,ES2 0AC
way/145316518-220,ES2 0AC
way/145326592-220,ES2 0AC
way/145333039-220,ES2 0AC
way/145337069-220,ES2 0AC
way/145456411-220,ES2 0AC
way/145461765-220,ES2 0AC
way/145466007-220,ES2 0AC
way/145478409-220,ES2 0AC
way/145599515-220,ES2 0AC
way/145821099-220,ES2 0AC
way/145823172-220,ES2 0AC
way/151490968-220,ES2 0AC
way/156435509-220,ES2 0AC
way/158620489-220,ES2 0AC
way/164823726-220,ES2 0AC
way/165580300-220,ES2 0AC
way/168357739-400,ES2 0AC
way/168358225-400,ES2 0AC
way/169523046-220,ES2 0AC
way/169528510-220,ES2 0AC
way/169703140-220,ES2 0AC
way/169703141-220,ES2 0AC
way/169769013-220,ES2 0AC
way/169867109-220,ES2 0AC
way/169882238-220,ES2 0AC
way/169882239-220,ES2 0AC
way/169883205-400,ES2 0AC
way/169947613-220,ES2 0AC
way/169999915-220,ES2 0AC
way/170140947-220,ES2 0AC
way/170156685-220,ES2 0AC
way/170371019-220,ES2 0AC
way/170424446-400,ES2 0AC
way/170424447-220,ES2 0AC
way/170424455-220,ES2 0AC
way/170433606-220,ES2 0AC
way/170485452-220,ES2 0AC
way/170485453-400,ES2 0AC
way/170505900-220,ES2 0AC
way/170511092-220,ES2 0AC
way/170519401-220,ES2 0AC
way/170607798-220,ES2 0AC
way/170671537-220,ES2 0AC
way/170779407-220,ES2 0AC
way/170779408-220,ES2 0AC
way/170946426-220,ES2 0AC
way/170954487-400,ES2 0AC
way/170961288-220,ES2 0AC
way/170968145-220,ES2 0AC
way/170968150-220,ES2 0AC
way/171071300-220,ES2 0AC
way/171106850-220,ES2 0AC
way/171251565-400,ES2 0AC
way/171256169-220,ES2 0AC
way/171274139-220,ES2 0AC
way/171277174-220,ES2 0AC
way/171277691-220,ES2 0AC
way/171419971-220,ES2 0AC
way/171560239-220,ES2 0AC
way/172454609-220,ES2 0AC
way/173191596-220,ES2 0AC
way/178294745-220,ES2 0AC
way/179492338-220,ES2 0AC
way/180545587-220,ES2 0AC
way/181621073-220,ES2 0AC
way/181664117-220,ES2 0AC
way/181906370-220,ES2 0AC
way/181912569-220,ES2 0AC
way/181917947-220,ES2 0AC
way/187392726-220,ES2 0AC
way/187645709-400,ES2 0AC
way/187830917-220,ES2 0AC
way/189184531-400,ES2 0AC
way/189184555-400,ES2 0AC
way/189577215-400,ES2 0AC
way/190058570-400,ES2 0AC
way/190098039-220,ES2 0AC
way/190110739-220,ES2 0AC
way/190236352-400,ES2 0AC
way/190249315-220,ES2 0AC
way/190249507-220,ES2 0AC
way/190289523-220,ES2 0AC
way/190907238-220,ES2 0AC
way/191053032-220,ES2 0AC
way/191095881-220,ES2 0AC
way/191485195-220,ES2 0AC
way/194360413-220,ES2 0AC
way/194699926-220,ES2 0AC
way/194699929-220,ES2 0AC
way/196202210-220,ES2 0AC
way/196202213-220,ES2 0AC
way/196207063-220,ES2 0AC
way/196215046-220,ES2 0AC
way/196483351-220,ES2 0AC
way/196484252-220,ES2 0AC
way/196522660-220,ES2 0AC
way/196533213-220,ES2 0AC
way/196544701-220,ES2 0AC
way/202891403-220,ES2 0AC
way/205141906-220,ES2 0AC
way/217745445-400,ES2 0AC
way/219501437-400,ES2 0AC
way/221193996-220,ES2 0AC
way/222873301-220,ES2 0AC
way/222895334-220,ES2 0AC
way/222901014-220,ES2 0AC
way/226363063-220,ES2 0AC
way/226886241-400,ES2 0AC
way/23882397-220,ES2 0AC
way/24791388-220,ES2 0AC
way/27668869-220,ES2 0AC
way/27936937-220,ES2 0AC
way/27937443-220,ES2 0AC
way/27949649-220,ES2 0AC
way/28048116-220,ES2 0AC
way/28308003-220,ES2 0AC
way/283348372-400,ES2 0AC
way/28400958-220,ES2 0AC
way/28491137-220,ES2 0AC
way/28526821-220,ES2 0AC
way/28648202-220,ES2 0AC
way/28683269-220,ES2 0AC
way/291666290-220,ES2 0AC
way/292277455-220,ES2 0AC
way/31110032-220,ES2 0AC
way/325432908-220,ES2 0AC
way/327268322-220,ES2 0AC
way/33771314-220,ES2 0AC
way/338683860-220,ES2 0AC
way/340399370-400,ES2 0AC
way/34585227-220,ES2 0AC
way/346490586-220,ES2 0AC
way/365551344-220,ES2 0AC
way/370803224-220,ES2 0AC
way/39827901-220,ES2 0AC
way/399055749-220,ES2 0AC
way/411107082-220,ES2 0AC
way/419408372-220,ES2 0AC
way/43797051-220,ES2 0AC
way/43842955-220,ES2 0AC
way/445989313-220,ES2 0AC
way/44633677-220,ES2 0AC
way/457010443-220,ES2 0AC
way/46106589-220,ES2 0AC
way/47367769-220,ES2 0AC
way/47842260-220,ES2 0AC
way/47908906-220,ES2 0AC
way/47911346-220,ES2 0AC
way/48304858-220,ES2 0AC
way/48310486-220,ES2 0AC
way/48467553-220,ES2 0AC
way/49252090-220,ES2 0AC
way/49258709-220,ES2 0AC
way/51188420-220,ES2 0AC
way/51822825-220,ES2 0AC
way/52516392-400,ES2 0AC
way/56137765-220,ES2 0AC
way/576439241-220,ES2 0AC
way/586348408-220,ES2 0AC
way/58928252-220,ES2 0AC
way/591673330-400,ES2 0AC
way/60342307-220,ES2 0AC
way/60351390-220,ES2 0AC
way/60354466-220,ES2 0AC
way/60398296-220,ES2 0AC
way/626886449-400,ES2 0AC
way/651711449-220,ES2 0AC
way/666476490-220,ES2 0AC
way/675714143-400,ES2 0AC
way/677413570-220,ES2 0AC
way/683693772-220,ES2 0AC
way/683892938-220,ES2 0AC
way/701397734-220,ES2 0AC
way/71796402-220,ES2 0AC
way/729485840-220,ES2 0AC
way/731605861-220,ES2 0AC
way/73511619-400,ES2 0AC
way/73683435-220,ES2 0AC
way/74384031-220,ES2 0AC
way/75606778-220,ES2 0AC
way/75619319-220,ES2 0AC
way/75902880-220,ES2 0AC
way/772400244-400,ES2 0AC
way/77640470-400,ES2 0AC
way/782365013-220,ES2 0AC
way/789683722-220,ES2 0AC
way/81152317-400,ES2 0AC
way/828193563-220,ES2 0AC
way/832204742-220,ES2 0AC
way/84526032-400,ES2 0AC
way/84883895-220,ES2 0AC
way/86512030-220,ES2 0AC
way/88760627-220,ES2 0AC
way/89084456-220,ES2 0AC
way/90829734-400,ES2 0AC
way/913515391-220,ES2 0AC
way/91441017-220,ES2 0AC
way/921541546-400,ES2 0AC
way/93387439-220,ES2 0AC
way/970599107-220,ES2 0AC
way/97286424-220,ES2 0AC
way/977168018-220,ES2 0AC
way/97937366-220,ES2 0AC
way/989699715-400,ES2 0AC
way/139280545-220,ES7 0AC
way/139280769-220,ES7 0AC
way/148347794-220,ES7 0AC
way/347643820-220,ES7 0AC
way/81409681-220,ES7 0AC
virtual_way/108867072:1-400,FI0 0AC
virtual_way/166777663:0-220,FI0 0AC
virtual_way/169057261:0-220,FI0 0AC
virtual_way/178184493:1-400,FI0 0AC
virtual_way/178192890:0-400,FI0 0AC
virtual_way/178192896:1-400,FI0 0AC
virtual_way/178192902:0-400,FI0 0AC
virtual_way/26164596:0-400,FI0 0AC
virtual_way/26619354:1-400,FI0 0AC
virtual_way/34174587:0-400,FI0 0AC
virtual_way/346962288:1-400,FI0 0AC
virtual_way/346962291:1-400,FI0 0AC
virtual_way/346962292:0-400,FI0 0AC
virtual_way/347316236:1-400,FI0 0AC
virtual_way/351960004:1-400,FI0 0AC
virtual_way/37518255:1-400,FI0 0AC
virtual_way/41279130:0-400,FI0 0AC
virtual_way/41279130:1-400,FI0 0AC
virtual_way/41779336:1-400,FI0 0AC
virtual_way/42936025:1-400,FI0 0AC
virtual_way/627752578:0-400,FI0 0AC
virtual_way/96753996:0-400,FI0 0AC
virtual_way/96753996:1-400,FI0 0AC
virtual_way/96753999:0-400,FI0 0AC
virtual_way/98589893:1-400,FI0 0AC
virtual_way/98589901:1-400,FI0 0AC
virtual_way/98614435:1-400,FI0 0AC
way/1107461441-400,FI0 0AC
way/1155254820-400,FI0 0AC
way/1159141282-220,FI0 0AC
way/1174872622-400,FI0 0AC
way/1184732640-400,FI0 0AC
way/123462491-400,FI0 0AC
way/128463750-400,FI0 0AC
way/1286130176-400,FI0 0AC
way/1306874220-400,FI0 0AC
way/1330437150-400,FI0 0AC
way/1348464438-400,FI0 0AC
way/136068907-400,FI0 0AC
way/144383819-400,FI0 0AC
way/144832705-400,FI0 0AC
way/149965733-220,FI0 0AC
way/149965738-220,FI0 0AC
way/149965739-400,FI0 0AC
way/150209972-400,FI0 0AC
way/151818544-400,FI0 0AC
way/159532385-400,FI0 0AC
way/167705754-400,FI0 0AC
way/173431802-400,FI0 0AC
way/208979069-400,FI0 0AC
way/238856422-400,FI0 0AC
way/239242345-400,FI0 0AC
way/26501426-400,FI0 0AC
way/26619335-400,FI0 0AC
way/27674611-400,FI0 0AC
way/286955409-220,FI0 0AC
way/28820749-400,FI0 0AC
way/30601175-400,FI0 0AC
way/314853393-220,FI0 0AC
way/34623113-400,FI0 0AC
way/348003562-400,FI0 0AC
way/348358044-400,FI0 0AC
way/35281467-400,FI0 0AC
way/388655178-220,FI0 0AC
way/391140226-400,FI0 0AC
way/391142388-220,FI0 0AC
way/391145068-220,FI0 0AC
way/43143343-400,FI0 0AC
way/47317827-400,FI0 0AC
way/53047196-400,FI0 0AC
way/544156119-400,FI0 0AC
way/551596913-400,FI0 0AC
way/55609623-220,FI0 0AC
way/590767557-400,FI0 0AC
way/620351437-220,FI0 0AC
way/881741424-400,FI0 0AC
way/95392702-400,FI0 0AC
way/96660466-400,FI0 0AC
way/98561229-400,FI0 0AC
way/98589905-400,FI0 0AC
way/98613134-400,FI0 0AC
way/98735006-400,FI0 0AC
relation/13260100-225,FR2 3AC
relation/13260224-225,FR2 3AC
virtual_relation/10012409:a:1-225,FR2 1AC
virtual_relation/10012410:b:1-225,FR2 1AC
virtual_relation/10012412:b:1-225,FR2 1AC
virtual_relation/10016706:a:1-225,FR2 1AC
virtual_relation/10397083:0-225,FR2 3AC
virtual_relation/10408155:a:1-225,FR2 0AC
virtual_relation/10408156:a:1-225,FR2 0AC
virtual_relation/10489382:1-225,FR2 3AC
virtual_relation/10508904:a:1-225,FR2 2AC
virtual_relation/10529716:1-225,FR2 1AC
virtual_relation/10547431:b:1-225,FR2 0AC
virtual_relation/12643745:0-220,FR2 2AC
virtual_relation/14329220:b:1-225,FR2 3AC
virtual_relation/14329220:c:1-225,FR2 3AC
virtual_relation/17457402:b:1-225,FR2 3AC
virtual_relation/19455193:a:1-225,FR2 3AC
virtual_relation/19888985:1-225,FR2 3AC
virtual_relation/3717719:0-220,FR2 2AC
virtual_relation/3756991:0-220,FR2 2AC
virtual_relation/5314438:0-225,FR2 1AC
virtual_relation/5321015:1-225,FR2 0AC
virtual_relation/5548368:a:1-225,FR2 1AC
virtual_relation/5548390:a:1-225,FR2 1AC
virtual_relation/5548393:a:1-225,FR2 1AC
virtual_relation/5621452:1-225,FR2 1AC
virtual_relation/5664553:0-225,FR2 1AC
virtual_relation/5665483:b:1-225,FR2 1AC
virtual_relation/5665483:c:1-225,FR2 1AC
virtual_relation/5675019:a:1-225,FR2 3AC
virtual_relation/5952075:b:1-400,FR2 0AC
virtual_relation/5977378:b:1-225,FR2 0AC
virtual_relation/5977379:a:1-225,FR2 0AC
virtual_relation/5977381:b:1-225,FR2 0AC
virtual_relation/6028654:1-225,FR2 0AC
virtual_relation/6028667:0-225,FR2 0AC
virtual_relation/6100028:1-225,FR2 0AC
virtual_relation/6170186:a:1-225,FR2 2AC
virtual_relation/6291066:1-225,FR2 3AC
virtual_relation/6359588:a:1-225,FR2 0AC
virtual_relation/6410875:1-225,FR2 1AC
virtual_relation/6492540:a:1-400,FR2 1AC
virtual_relation/6492540:b:1-400,FR2 1AC
virtual_relation/6757421:b:1-225,FR2 0AC
virtual_relation/6897671:1-225,FR2 0AC
virtual_relation/6901347:a:1-225,FR2 2AC
virtual_relation/6942078:a:1-225,FR2 3AC
virtual_relation/6942079:a:1-225,FR2 3AC
virtual_relation/6969077:1-225,FR2 3AC
virtual_relation/6997560:a:1-225,FR2 3AC
virtual_relation/6997563:b:1-225,FR2 3AC
virtual_relation/7062320:a:1-225,FR2 1AC
virtual_relation/7839721:a:1-225,FR2 1AC
virtual_relation/7839729:b:1-225,FR2 1AC
virtual_relation/7847993:a:1-225,FR2 0AC
virtual_relation/7981311:b:1-225,FR2 1AC
virtual_relation/8307566:a:1-225,FR2 0AC
virtual_relation/8307566:b:1-225,FR2 0AC
virtual_relation/8307566:c:1-225,FR2 0AC
virtual_relation/8307567:b:1-225,FR2 0AC
virtual_relation/8384686:c:1-225,FR2 1AC
virtual_relation/8384686:f:1-225,FR2 1AC
virtual_relation/8629543:a:1-225,FR2 3AC
virtual_relation/8664691:b:1-225,FR2 3AC
virtual_relation/8664692:b:1-225,FR2 3AC
virtual_relation/8717741:a:1-225,FR2 2AC
virtual_relation/8786259:a:1-225,FR2 3AC
virtual_relation/8786260:a:1-225,FR2 3AC
virtual_relation/8835632:1-225,FR2 2AC
virtual_relation/8835633:b:1-225,FR2 2AC
virtual_relation/8878558:b:1-225,FR2 2AC
virtual_relation/9036574:b:1-225,FR2 3AC
virtual_relation/9094838:b:1-225,FR2 2AC
virtual_relation/9142326:d:1-225,FR2 3AC
virtual_relation/9158614:b:1-225,FR2 3AC
virtual_relation/9158614:c:1-225,FR2 3AC
virtual_relation/9158620:a:1-225,FR2 3AC
virtual_relation/9259308:b:1-225,FR2 2AC
virtual_relation/9361888:a:1-225,FR2 3AC
virtual_relation/9361888:b:1-225,FR2 3AC
virtual_relation/9406979:a:1-225,FR2 3AC
virtual_relation/9510548:b:1-225,FR2 0AC
virtual_relation/9790881:a:1-225,FR2 1AC
virtual_relation/9803448:a:1-225,FR2 3AC
virtual_relation/9867901:a:1-225,FR2 3AC
virtual_way/102580354:1-225,FR2 3AC
virtual_way/1076203261:0-225,FR2 0AC
virtual_way/109841767:1-225,FR2 1AC
virtual_way/117447196:1-225,FR2 3AC
virtual_way/118210638:0-225,FR2 0AC
virtual_way/118340132:1-225,FR2 0AC
virtual_way/120747627:0-225,FR2 2AC
virtual_way/120968575:a:0-225,FR2 2AC
virtual_way/120968575:b:1-225,FR2 2AC
virtual_way/120985975:0-225,FR2 2AC
virtual_way/121116107:1-225,FR2 0AC
virtual_way/122563472:0-225,FR2 0AC
virtual_way/1234916162:1-225,FR2 3AC
virtual_way/127875102:1-225,FR2 2AC
virtual_way/129038237:a:0-225,FR2 3AC
virtual_way/129168154:1-225,FR2 2AC
virtual_way/129221782:1-225,FR2 0AC
virtual_way/130110647:1-225,FR2 2AC
virtual_way/130228930:1-225,FR2 0AC
virtual_way/130380855:1-225,FR2 0AC
virtual_way/130380858:1-225,FR2 0AC
virtual_way/130549365:1-225,FR2 0AC
virtual_way/131742022:0-225,FR2 0AC
virtual_way/131742022:1-225,FR2 0AC
virtual_way/131742024:1-225,FR2 0AC
virtual_way/132920951:1-225,FR2 0AC
virtual_way/132920954:1-225,FR2 0AC
virtual_way/133131146:1-225,FR2 0AC
virtual_way/133202864:1-225,FR2 0AC
virtual_way/133637354:0-225,FR2 0AC
virtual_way/135303538:1-225,FR2 0AC
virtual_way/136326136:0-225,FR2 0AC
virtual_way/1430729489:1-400,FR2 3AC
virtual_way/164311020:0-225,FR2 0AC
virtual_way/169319127:0-225,FR2 1AC
virtual_way/173801976:1-225,FR2 0AC
virtual_way/183753902:1-225,FR2 0AC
virtual_way/183969782:0-225,FR2 0AC
virtual_way/186361898:0-225,FR2 2AC
virtual_way/186825520:1-225,FR2 3AC
virtual_way/196480063:1-225,FR2 0AC
virtual_way/203991560:0-225,FR2 3AC
virtual_way/207107137:1-225,FR2 0AC
virtual_way/207561545:1-225,FR2 2AC
virtual_way/23286260:1-400,FR2 3AC
virtual_way/262483937:b:1-225,FR2 3AC
virtual_way/262965290:1-225,FR2 3AC
virtual_way/26376785:0-225,FR2 3AC
virtual_way/26376785:1-225,FR2 3AC
virtual_way/26376798:0-225,FR2 3AC
virtual_way/26376798:1-225,FR2 3AC
virtual_way/27757714:0-225,FR2 3AC
virtual_way/375282546:1-225,FR2 2AC
virtual_way/41453026:1-400,FR2 3AC
virtual_way/420364860:1-225,FR2 0AC
virtual_way/457311092:1-225,FR2 0AC
virtual_way/599962755:0-225,FR2 0AC
virtual_way/599962757:0-225,FR2 0AC
virtual_way/645193278:0-225,FR2 3AC
virtual_way/647167011:0-225,FR2 3AC
virtual_way/647167015:1-225,FR2 3AC
virtual_way/684713120:0-225,FR2 3AC
virtual_way/70733234:1-225,FR2 0AC
virtual_way/80840369:a:1-225,FR2 0AC
virtual_way/85226749:1-400,FR2 3AC
virtual_way/86345552:1-225,FR2 3AC
virtual_way/88910320:0-400,FR2 3AC
virtual_way/94505778:0-225,FR2 0AC
virtual_way/94505778:1-225,FR2 0AC
virtual_way/94524735:0-400,FR2 0AC
virtual_way/95278909:1-225,FR2 1AC
virtual_way/95289332:1-225,FR2 1AC
virtual_way/95299712:1-225,FR2 1AC
way/100021432-225,FR2 1AC
way/100087916-225,FR2 0AC
way/1000881525-225,FR2 0AC
way/100500802-225,FR2 2AC
way/101086962-225,FR2 3AC
way/101108382-225,FR2 0AC
way/101207712-225,FR2 0AC
way/101217260-225,FR2 1AC
way/101228343-225,FR2 3AC
way/101494744-225,FR2 0AC
way/103365741-225,FR2 3AC
way/103921705-225,FR2 0AC
way/103960552-225,FR2 3AC
way/104008765-225,FR2 0AC
way/1041877812-225,FR2 3AC
way/104240116-225,FR2 0AC
way/104481448-225,FR2 0AC
way/1046982647-225,FR2 1AC
way/105197514-225,FR2 0AC
way/105202875-225,FR2 0AC
way/105515586-225,FR2 1AC
way/105571340-225,FR2 1AC
way/105630888-225,FR2 1AC
way/1056316394-225,FR2 3AC
way/105652436-225,FR2 1AC
way/105652455-225,FR2 1AC
way/105690676-225,FR2 1AC
way/105783300-225,FR2 1AC
way/105840884-225,FR2 1AC
way/105913465-225,FR2 1AC
way/105913481-225,FR2 1AC
way/106284701-225,FR2 3AC
way/1063748572-225,FR2 3AC
way/1067248696-225,FR2 3AC
way/1069076347-225,FR2 0AC
way/107121899-225,FR2 0AC
way/107434290-225,FR2 3AC
way/1076166858-225,FR2 3AC
way/108084125-225,FR2 1AC
way/108089073-225,FR2 1AC
way/108099552-225,FR2 3AC
way/1081289679-225,FR2 0AC
way/1091109862-225,FR2 0AC
way/109367858-225,FR2 0AC
way/109817708-225,FR2 0AC
way/109859712-400,FR2 0AC
way/110086345-225,FR2 0AC
way/110443404-225,FR2 1AC
way/110468028-225,FR2 0AC
way/110522458-225,FR2 1AC
way/110542740-225,FR2 1AC
way/110602470-225,FR2 0AC
way/111265307-225,FR2 3AC
way/111276881-225,FR2 0AC
way/111414142-225,FR2 1AC
way/111449797-225,FR2 1AC
way/111456385-225,FR2 1AC
way/111458307-225,FR2 1AC
way/111558550-225,FR2 1AC
way/111558561-225,FR2 1AC
way/111769053-225,FR2 0AC
way/111816982-225,FR2 1AC
way/1121036738-225,FR2 2AC
way/112310487-225,FR2 1AC
way/112342683-225,FR2 1AC
way/112893617-400,FR2 1AC
way/112925040-225,FR2 0AC
way/113338234-225,FR2 0AC
way/114018928-225,FR2 0AC
way/114355666-400,FR2 1AC
way/114359287-225,FR2 0AC
way/114363583-225,FR2 3AC
way/114730382-225,FR2 0AC
way/115437692-225,FR2 0AC
way/115476080-225,FR2 1AC
way/116168269-225,FR2 1AC
way/1162035523-225,FR2 3AC
way/116670124-225,FR2 3AC
way/116702384-225,FR2 3AC
way/117350758-225,FR2 3AC
way/117421453-225,FR2 3AC
way/117446403-225,FR2 1AC
way/117537715-225,FR2 2AC
way/117810798-225,FR2 2AC
way/117893799-225,FR2 3AC
way/117975440-225,FR2 3AC
way/1180069967-225,FR2 3AC
way/118086309-225,FR2 2AC
way/118121876-400,FR2 0AC
way/118127416-225,FR2 0AC
way/118133021-225,FR2 0AC
way/118133060-225,FR2 0AC
way/118133898-225,FR2 1AC
way/118204938-225,FR2 0AC
way/118213015-225,FR2 0AC
way/118216358-225,FR2 3AC
way/118216361-225,FR2 3AC
way/118260031-225,FR2 3AC
way/118387083-400,FR2 3AC
way/118387084-225,FR2 3AC
way/118400622-225,FR2 0AC
way/118400623-225,FR2 0AC
way/118591672-225,FR2 2AC
way/118655802-225,FR2 3AC
way/118684662-225,FR2 0AC
way/118684992-225,FR2 0AC
way/118727701-225,FR2 0AC
way/119048154-225,FR2 3AC
way/1198130346-225,FR2 2AC
way/120464542-225,FR2 2AC
way/120522167-225,FR2 2AC
way/120553316-225,FR2 2AC
way/120707003-225,FR2 3AC
way/120861987-225,FR2 2AC
way/121024004-225,FR2 2AC
way/121087628-225,FR2 0AC
way/121101846-225,FR2 0AC
way/121116528-225,FR2 2AC
way/121152763-225,FR2 0AC
way/121161175-225,FR2 0AC
way/121297422-225,FR2 0AC
way/121499607-225,FR2 0AC
way/121500497-225,FR2 0AC
way/122061929-225,FR2 2AC
way/122104435-225,FR2 2AC
way/122361853-225,FR2 2AC
way/122411058-225,FR2 2AC
way/122563466-225,FR2 0AC
way/122568639-225,FR2 2AC
way/122748502-225,FR2 0AC
way/122752897-225,FR2 0AC
way/122755047-225,FR2 0AC
way/122755068-225,FR2 1AC
way/122923029-225,FR2 0AC
way/123120808-225,FR2 2AC
way/1231941645-225,FR2 0AC
way/1236363679-225,FR2 1AC
way/1236930242-225,FR2 0AC
way/125003945-225,FR2 2AC
way/125076979-225,FR2 0AC
way/125164718-225,FR2 1AC
way/125494395-225,FR2 0AC
way/125495792-225,FR2 0AC
way/125550372-225,FR2 1AC
way/125721667-225,FR2 0AC
way/126417428-225,FR2 2AC
way/1271288345-225,FR2 3AC
way/1272896526-225,FR2 2AC
way/128106453-225,FR2 0AC
way/128381283-225,FR2 3AC
way/128524174-225,FR2 1AC
way/129026531-225,FR2 2AC
way/129440971-225,FR2 3AC
way/129581885-225,FR2 3AC
way/129614642-225,FR2 3AC
way/129624451-225,FR2 3AC
way/129631438-225,FR2 2AC
way/129662180-225,FR2 3AC
way/129830455-225,FR2 0AC
way/1299138577-225,FR2 0AC
way/130017468-225,FR2 3AC
way/130132975-225,FR2 2AC
way/130459448-225,FR2 0AC
way/130549366-225,FR2 0AC
way/130562947-225,FR2 0AC
way/130595758-225,FR2 0AC
way/130659505-225,FR2 0AC
way/130792479-225,FR2 0AC
way/131317126-225,FR2 3AC
way/131645796-225,FR2 0AC
way/1328928946-400,FR2 3AC
way/133400747-225,FR2 3AC
way/133637359-225,FR2 0AC
way/133667044-225,FR2 3AC
way/133868507-225,FR2 0AC
way/134147651-225,FR2 1AC
way/135183628-225,FR2 0AC
way/135314787-225,FR2 0AC
way/135585545-225,FR2 1AC
way/135727900-225,FR2 0AC
way/135855286-225,FR2 0AC
way/136068611-225,FR2 0AC
way/136326140-225,FR2 0AC
way/136416550-225,FR2 0AC
way/137083764-225,FR2 0AC
way/137191333-225,FR2 0AC
way/137365310-225,FR2 3AC
way/137474877-225,FR2 0AC
way/138108387-225,FR2 1AC
way/138149900-225,FR2 3AC
way/138278216-225,FR2 1AC
way/138382023-225,FR2 2AC
way/138610604-225,FR2 1AC
way/138787590-225,FR2 1AC
way/138979502-225,FR2 0AC
way/139098414-225,FR2 1AC
way/139593701-225,FR2 0AC
way/139834740-225,FR2 1AC
way/140753578-225,FR2 3AC
way/1421339939-225,FR2 3AC
way/142360067-225,FR2 1AC
way/142420422-225,FR2 1AC
way/142456148-225,FR2 1AC
way/142456170-225,FR2 1AC
way/142456176-225,FR2 3AC
way/142505460-225,FR2 1AC
way/142571672-225,FR2 1AC
way/143283235-225,FR2 3AC
way/144099634-225,FR2 0AC
way/1451191769-225,FR2 3AC
way/1462440672-225,FR2 3AC
way/146360237-225,FR2 3AC
way/146360243-225,FR2 1AC
way/146360244-225,FR2 1AC
way/146366949-225,FR2 1AC
way/146402374-225,FR2 2AC
way/146449309-225,FR2 0AC
way/146449312-225,FR2 2AC
way/146449314-225,FR2 2AC
way/146534501-225,FR2 3AC
way/146534504-225,FR2 3AC
way/146534507-225,FR2 3AC
way/146590045-225,FR2 0AC
way/146590048-225,FR2 0AC
way/146695955-225,FR2 1AC
way/146744609-225,FR2 3AC
way/147132682-225,FR2 0AC
way/147132685-400,FR2 0AC
way/147132690-225,FR2 0AC
way/147132693-225,FR2 0AC
way/147174230-225,FR2 0AC
way/147174234-225,FR2 1AC
way/147174244-225,FR2 1AC
way/147174246-225,FR2 0AC
way/147174253-225,FR2 0AC
way/147187631-225,FR2 3AC
way/147187633-225,FR2 3AC
way/147394004-225,FR2 1AC
way/147394005-225,FR2 0AC
way/147394006-225,FR2 1AC
way/147394007-225,FR2 0AC
way/147394008-225,FR2 3AC
way/147394011-225,FR2 2AC
way/147394012-225,FR2 0AC
way/147394015-225,FR2 2AC
way/147394016-225,FR2 1AC
way/147398275-225,FR2 3AC
way/147398276-225,FR2 2AC
way/147398278-225,FR2 2AC
way/147398279-225,FR2 2AC
way/147398280-225,FR2 2AC
way/147580961-225,FR2 2AC
way/147580963-225,FR2 3AC
way/147580965-225,FR2 3AC
way/147580968-225,FR2 0AC
way/147580973-225,FR2 3AC
way/147580978-225,FR2 3AC
way/147580984-225,FR2 3AC
way/147580985-225,FR2 2AC
way/147580994-225,FR2 0AC
way/147580996-225,FR2 3AC
way/147581003-225,FR2 3AC
way/147581004-225,FR2 1AC
way/148059534-225,FR2 0AC
way/148059535-225,FR2 3AC
way/148059537-225,FR2 0AC
way/148564021-225,FR2 0AC
way/150329778-225,FR2 0AC
way/150366395-225,FR2 0AC
way/152120009-225,FR2 1AC
way/152778326-225,FR2 1AC
way/152835217-225,FR2 1AC
way/154391107-225,FR2 1AC
way/158232795-225,FR2 3AC
way/159167277-225,FR2 2AC
way/162540710-400,FR2 3AC
way/16287586-225,FR2 0AC
way/163063141-225,FR2 2AC
way/165830069-225,FR2 3AC
way/165966009-225,FR2 3AC
way/166057222-225,FR2 3AC
way/166073883-400,FR2 3AC
way/167268705-225,FR2 3AC
way/169393427-225,FR2 3AC
way/169799372-225,FR2 3AC
way/170028621-225,FR2 3AC
way/170184991-225,FR2 3AC
way/171051788-225,FR2 0AC
way/172735399-225,FR2 3AC
way/173265188-225,FR2 3AC
way/177428102-225,FR2 2AC
way/177964767-225,FR2 1AC
way/177964771-225,FR2 1AC
way/178995408-225,FR2 2AC
way/179260933-225,FR2 2AC
way/179848961-225,FR2 3AC
way/180569105-225,FR2 3AC
way/182816228-225,FR2 2AC
way/183105308-225,FR2 0AC
way/183182430-225,FR2 0AC
way/183215456-225,FR2 2AC
way/183818442-225,FR2 0AC
way/184492595-225,FR2 2AC
way/186499822-225,FR2 3AC
way/188144496-225,FR2 3AC
way/193292042-225,FR2 2AC
way/196073443-225,FR2 2AC
way/197040234-225,FR2 3AC
way/199093574-225,FR2 3AC
way/199229562-400,FR2 0AC
way/203122176-225,FR2 2AC
way/204349873-225,FR2 2AC
way/207292011-225,FR2 2AC
way/207479669-225,FR2 1AC
way/208424341-225,FR2 0AC
way/210389707-225,FR2 1AC
way/211875283-225,FR2 3AC
way/214483816-225,FR2 2AC
way/214858101-225,FR2 0AC
way/219639224-225,FR2 3AC
way/222188543-400,FR2 1AC
way/225210595-225,FR2 2AC
way/226898600-225,FR2 0AC
way/228049601-225,FR2 0AC
way/22873838-225,FR2 3AC
way/22873840-225,FR2 3AC
way/22938964-225,FR2 0AC
way/229597405-225,FR2 0AC
way/231157304-225,FR2 3AC
way/231157312-225,FR2 3AC
way/23286313-225,FR2 3AC
way/23287448-225,FR2 3AC
way/235370803-225,FR2 1AC
way/24020441-225,FR2 0AC
way/24020601-400,FR2 0AC
way/24025291-225,FR2 0AC
way/24035563-225,FR2 0AC
way/243285438-225,FR2 0AC
way/244036491-225,FR2 3AC
way/247427865-225,FR2 3AC
way/24849819-225,FR2 3AC
way/24913871-225,FR2 3AC
way/24919917-225,FR2 3AC
way/24923808-225,FR2 3AC
way/24990664-225,FR2 3AC
way/260579119-225,FR2 0AC
way/26112209-400,FR2 2AC
way/26272450-225,FR2 0AC
way/26376732-225,FR2 3AC
way/26376870-225,FR2 0AC
way/26395237-225,FR2 0AC
way/265745327-225,FR2 0AC
way/26813222-225,FR2 3AC
way/270540194-225,FR2 3AC
way/27259817-225,FR2 0AC
way/27266058-225,FR2 3AC
way/273536873-225,FR2 2AC
way/27428702-225,FR2 0AC
way/27558020-225,FR2 1AC
way/27768969-225,FR2 0AC
way/278718504-225,FR2 0AC
way/27951432-400,FR2 1AC
way/28706541-225,FR2 3AC
way/28761900-225,FR2 3AC
way/29088787-225,FR2 3AC
way/292180238-225,FR2 3AC
way/292629713-225,FR2 3AC
way/294002018-225,FR2 1AC
way/295403868-400,FR2 2AC
way/299860588-225,FR2 3AC
way/299862996-225,FR2 1AC
way/30292953-400,FR2 3AC
way/307228675-225,FR2 3AC
way/312728271-225,FR2 0AC
way/318195497-225,FR2 3AC
way/318502246-225,FR2 0AC
way/32067290-225,FR2 3AC
way/32196554-225,FR2 2AC
way/327505353-225,FR2 3AC
way/327505354-225,FR2 3AC
way/32876673-225,FR2 3AC
way/33113310-225,FR2 3AC
way/338324854-225,FR2 3AC
way/33973725-225,FR2 2AC
way/34198056-225,FR2 3AC
way/34349978-225,FR2 3AC
way/34387620-225,FR2 3AC
way/34398164-225,FR2 3AC
way/34398358-225,FR2 3AC
way/350044068-225,FR2 3AC
way/35206465-225,FR2 3AC
way/35538714-225,FR2 3AC
way/36286080-225,FR2 3AC
way/36805588-225,FR2 3AC
way/374150877-225,FR2 3AC
way/378126683-225,FR2 0AC
way/38073132-225,FR2 1AC
way/38830347-225,FR2 2AC
way/392683619-225,FR2 2AC
way/393286774-225,FR2 0AC
way/39389229-225,FR2 2AC
way/39407602-225,FR2 1AC
way/397885581-225,FR2 0AC
way/40266681-225,FR2 0AC
way/403385451-225,FR2 0AC
way/405909509-225,FR2 0AC
way/406691575-225,FR2 2AC
way/41436841-225,FR2 3AC
way/41591146-225,FR2 3AC
way/416438053-225,FR2 0AC
way/416438054-225,FR2 0AC
way/41829825-400,FR2 3AC
way/41834104-225,FR2 3AC
way/432466512-225,FR2 1AC
way/434500830-225,FR2 1AC
way/440538762-225,FR2 0AC
way/440600377-225,FR2 3AC
way/442651900-225,FR2 3AC
way/44357629-225,FR2 2AC
way/443975666-400,FR2 1AC
way/44448089-225,FR2 3AC
way/445088111-225,FR2 3AC
way/448355914-400,FR2 1AC
way/44883864-400,FR2 1AC
way/454932860-225,FR2 0AC
way/455245314-225,FR2 0AC
way/46172440-225,FR2 3AC
way/467599626-225,FR2 0AC
way/467775702-225,FR2 1AC
way/467799728-225,FR2 2AC
way/468096792-225,FR2 2AC
way/473670083-225,FR2 0AC
way/474926055-225,FR2 3AC
way/47633664-225,FR2 0AC
way/47660196-225,FR2 2AC
way/47739331-225,FR2 0AC
way/477926841-225,FR2 0AC
way/484952897-225,FR2 1AC
way/48815655-225,FR2 2AC
way/489118827-225,FR2 1AC
way/490191058-225,FR2 2AC
way/490392953-225,FR2 0AC
way/49049745-225,FR2 2AC
way/491655540-225,FR2 2AC
way/495078839-225,FR2 0AC
way/49510896-225,FR2 0AC
way/497510591-225,FR2 3AC
way/514597856-225,FR2 0AC
way/536127194-225,FR2 2AC
way/53727352-225,FR2 3AC
way/53944139-225,FR2 3AC
way/547443051-225,FR2 3AC
way/549010403-225,FR2 0AC
way/549628003-225,FR2 0AC
way/549628132-225,FR2 0AC
way/552467306-225,FR2 0AC
way/553127674-225,FR2 0AC
way/553509645-225,FR2 0AC
way/553509651-225,FR2 0AC
way/558437000-225,FR2 0AC
way/56585982-225,FR2 0AC
way/56997464-225,FR2 0AC
way/56998024-225,FR2 0AC
way/57941014-225,FR2 1AC
way/580568888-225,FR2 3AC
way/583372101-225,FR2 0AC
way/584362062-225,FR2 1AC
way/585985166-225,FR2 0AC
way/589691204-225,FR2 3AC
way/589691209-225,FR2 2AC
way/589696042-225,FR2 3AC
way/590596961-225,FR2 0AC
way/590866686-225,FR2 0AC
way/604408491-225,FR2 1AC
way/616985188-225,FR2 3AC
way/620325313-225,FR2 0AC
way/62233233-225,FR2 3AC
way/62279693-225,FR2 0AC
way/623949241-225,FR2 3AC
way/627450679-225,FR2 3AC
way/63213632-225,FR2 3AC
way/63641119-225,FR2 3AC
way/64040939-225,FR2 3AC
way/655200312-225,FR2 3AC
way/658560999-225,FR2 3AC
way/658561191-225,FR2 3AC
way/659343518-400,FR2 1AC
way/659913223-225,FR2 3AC
way/666332422-225,FR2 2AC
way/666332466-225,FR2 2AC
way/671113556-225,FR2 3AC
way/682366021-225,FR2 3AC
way/682366052-225,FR2 3AC
way/68589514-225,FR2 3AC
way/68925871-225,FR2 3AC
way/69813552-225,FR2 0AC
way/69999641-225,FR2 3AC
way/70452467-225,FR2 0AC
way/704996189-225,FR2 3AC
way/715176993-225,FR2 3AC
way/715177063-225,FR2 3AC
way/71933077-225,FR2 0AC
way/71933086-225,FR2 0AC
way/725699702-225,FR2 1AC
way/730015498-225,FR2 3AC
way/730015505-225,FR2 3AC
way/733773947-225,FR2 0AC
way/733773951-225,FR2 0AC
way/733773994-225,FR2 0AC
way/740849522-225,FR2 3AC
way/749073921-225,FR2 3AC
way/75509664-225,FR2 0AC
way/756397226-225,FR2 3AC
way/75750171-225,FR2 3AC
way/759073166-225,FR2 2AC
way/76032001-225,FR2 3AC
way/777545899-225,FR2 1AC
way/78052541-225,FR2 3AC
way/78148795-225,FR2 3AC
way/788298548-225,FR2 3AC
way/79805353-225,FR2 3AC
way/79866837-225,FR2 3AC
way/80719004-225,FR2 0AC
way/81228088-225,FR2 3AC
way/81641090-225,FR2 2AC
way/81665271-225,FR2 2AC
way/818615639-225,FR2 0AC
way/818615644-225,FR2 0AC
way/818615647-225,FR2 0AC
way/82226136-225,FR2 2AC
way/82306874-225,FR2 0AC
way/823662696-225,FR2 3AC
way/823662703-225,FR2 0AC
way/823662705-225,FR2 0AC
way/823872751-225,FR2 3AC
way/823872752-225,FR2 0AC
way/823872758-225,FR2 3AC
way/82467033-225,FR2 3AC
way/82599261-400,FR2 3AC
way/82715808-400,FR2 3AC
way/82741307-225,FR2 3AC
way/82741335-225,FR2 3AC
way/82746777-225,FR2 3AC
way/82746780-225,FR2 3AC
way/82805188-225,FR2 3AC
way/82825438-400,FR2 3AC
way/82825446-400,FR2 3AC
way/82949228-225,FR2 3AC
way/82967739-225,FR2 3AC
way/82976238-225,FR2 3AC
way/83293593-225,FR2 0AC
way/83705700-225,FR2 3AC
way/83726363-225,FR2 0AC
way/83819431-225,FR2 3AC
way/84182609-225,FR2 0AC
way/84452130-225,FR2 0AC
way/84476231-225,FR2 0AC
way/84485792-400,FR2 0AC
way/84490483-400,FR2 0AC
way/84603564-225,FR2 0AC
way/85047359-225,FR2 3AC
way/85198005-225,FR2 3AC
way/85203486-225,FR2 3AC
way/85217416-400,FR2 3AC
way/85273676-225,FR2 3AC
way/85335661-400,FR2 3AC
way/85339874-225,FR2 3AC
way/85446794-225,FR2 1AC
way/85605950-225,FR2 3AC
way/85605959-225,FR2 3AC
way/85710783-400,FR2 3AC
way/85827397-225,FR2 3AC
way/85827398-225,FR2 3AC
way/85867971-400,FR2 1AC
way/85877326-225,FR2 1AC
way/85895367-225,FR2 1AC
way/85955250-225,FR2 3AC
way/85995894-225,FR2 1AC
way/86023818-225,FR2 1AC
way/86131984-225,FR2 1AC
way/86162998-400,FR2 1AC
way/86260099-400,FR2 3AC
way/86260748-225,FR2 3AC
way/86297273-400,FR2 3AC
way/86342772-225,FR2 3AC
way/86344183-400,FR2 3AC
way/86462910-225,FR2 1AC
way/89022039-225,FR2 3AC
way/89022080-225,FR2 3AC
way/890834366-400,FR2 3AC
way/89158123-225,FR2 2AC
way/90032133-225,FR2 2AC
way/90415251-225,FR2 3AC
way/907536278-225,FR2 3AC
way/90842395-225,FR2 0AC
way/90854143-225,FR2 2AC
way/91351689-225,FR2 0AC
way/92896823-225,FR2 1AC
way/93189928-225,FR2 0AC
way/95209542-225,FR2 2AC
way/95409416-225,FR2 1AC
way/956596300-225,FR2 3AC
way/95810878-225,FR2 0AC
way/96839470-225,FR2 3AC
way/97547196-225,FR2 0AC
way/98390525-400,FR2 3AC
way/986506107-225,FR2 3AC
way/986795975-225,FR2 0AC
way/986799738-225,FR2 1AC
way/98890904-225,FR2 0AC
way/98945703-225,FR2 3AC
way/99623587-225,FR2 1AC
way/136594238,FR6 0AC
relation/10377509-400,GB1 1AC
relation/10695345-400,GB1 0AC
relation/10925187-275,GB1 1AC
relation/11051275-400,GB1 1AC
relation/11543333-400,GB1 1AC
relation/12543034-275,GB1 0AC
relation/14921826-275,GB1 1AC
relation/19396462-400,GB1 0AC
relation/19897532-275,GB1 0AC
relation/7650368-400,GB1 0AC
relation/7872518-400,GB1 0AC
relation/7879831-275,GB1 0AC
relation/7880111-275,GB1 0AC
relation/7881280-400,GB1 0AC
relation/7886014-400,GB1 0AC
relation/7894974-275,GB1 1AC
relation/7894975-275,GB1 1AC
relation/8087295-275,GB1 1AC
relation/8824342-275,GB1 1AC
relation/9409219-400,GB1 0AC
relation/9572254-400,GB1 0AC
relation/9598269-275,GB1 1AC
virtual_relation/2170424:1-400,GB1 1AC
virtual_relation/5339212:1-275,GB1 1AC
virtual_relation/8767013:0-400,GB1 1AC
virtual_relation/8790023:a:1-275,GB1 1AC
virtual_way/100773227:1-400,GB1 0AC
virtual_way/101080881:1-400,GB1 0AC
virtual_way/1018376462:0-275,GB1 1AC
virtual_way/103653513:1-400,GB1 0AC
virtual_way/103915332:0-275,GB1 0AC
virtual_way/1121722206:1-275,GB1 0AC
virtual_way/123620633:0-275,GB1 0AC
virtual_way/126610606:1-400,GB1 0AC
virtual_way/1301396717:1-400,GB1 0AC
virtual_way/1382783421:0-400,GB1 0AC
virtual_way/1395908944:1-400,GB1 0AC
virtual_way/142841188:1-275,GB1 1AC
virtual_way/142843252:1-400,GB1 1AC
virtual_way/1436770123:1-275,GB1 0AC
virtual_way/160255734:1-275,GB1 0AC
virtual_way/160414270:0-400,GB1 0AC
virtual_way/160580046:1-400,GB1 1AC
virtual_way/160616342:1-275,GB1 1AC
virtual_way/164380201:0-275,GB1 1AC
virtual_way/220798122:1-275,GB1 1AC
virtual_way/224739616:a:1-400,GB1 0AC
virtual_way/228452919:1-400,GB1 1AC
virtual_way/22892075:1-275,GB1 1AC
virtual_way/22939423:1-400,GB1 0AC
virtual_way/22978843:a:1-400,GB1 0AC
virtual_way/23004415:0-400,GB1 0AC
virtual_way/23299998:1-400,GB1 0AC
virtual_way/23361109:1-400,GB1 1AC
virtual_way/25422088:1-400,GB1 0AC
virtual_way/254528706:1-275,GB1 0AC
virtual_way/25510978:0-400,GB1 0AC
virtual_way/25510979:1-400,GB1 0AC
virtual_way/293585866:b:1-275,GB1 1AC
virtual_way/30073263:0-275,GB1 1AC
virtual_way/310488546:1-400,GB1 1AC
virtual_way/32196252:1-275,GB1 1AC
virtual_way/42436888:a:0-275,GB1 0AC
virtual_way/42437640:0-275,GB1 0AC
virtual_way/42793837:0-275,GB1 0AC
virtual_way/45083560:1-400,GB1 0AC
virtual_way/46892344:1-400,GB1 0AC
virtual_way/50006264:0-275,GB1 0AC
virtual_way/5044319:1-400,GB1 0AC
virtual_way/55008279:0-275,GB1 1AC
virtual_way/55125495:0-400,GB1 1AC
virtual_way/636036442:0-220,GB1 1AC
virtual_way/636635194:1-400,GB1 0AC
virtual_way/678832296:0-275,GB1 1AC
virtual_way/68980187:1-275,GB1 1AC
virtual_way/68997898:1-400,GB1 1AC
virtual_way/68997940:0-275,GB1 1AC
virtual_way/690326582:1-220,GB1 1AC
virtual_way/69195617:0-275,GB1 1AC
virtual_way/84782817:1-275,GB1 0AC
virtual_way/84822231:1-400,GB1 0AC
virtual_way/90134097:1-400,GB1 1AC
virtual_way/90539505:1-400,GB1 1AC
virtual_way/90547663:1-400,GB1 1AC
virtual_way/91089562:1-400,GB1 0AC
virtual_way/92676047:1-275,GB1 1AC
virtual_way/93261459:1-400,GB1 0AC
virtual_way/94007288:1-400,GB1 1AC
virtual_way/95279311:1-400,GB1 0AC
virtual_way/95341330:0-400,GB1 1AC
virtual_way/95750358:0-400,GB1 0AC
virtual_way/96067518:1-275,GB1 0AC
virtual_way/96067522:0-275,GB1 0AC
virtual_way/97363681:0-275,GB1 0AC
way/100009331-400,GB1 0AC
way/100077745-275,GB1 1AC
way/101077623-275,GB1 1AC
way/101312018-275,GB1 1AC
way/101365758-275,GB1 0AC
way/102198808-400,GB1 1AC
way/102549055-275,GB1 0AC
way/103150854-400,GB1 0AC
way/103829261-400,GB1 0AC
way/103915328-275,GB1 0AC
way/103962437-400,GB1 0AC
way/1078525352-220,GB1 1AC
way/1078532568-400,GB1 0AC
way/109730296-275,GB1 1AC
way/1097582201-400,GB1 1AC
way/111528318-220,GB1 1AC
way/1133157406-400,GB1 0AC
way/115530033-400,GB1 0AC
way/116539370-275,GB1 1AC
way/1177951352-275,GB1 1AC
way/118821349-275,GB1 1AC
way/119315534-275,GB1 1AC
way/119315549-275,GB1 1AC
way/119616836-400,GB1 0AC
way/121820285-275,GB1 0AC
way/123037622-275,GB1 0AC
way/123866712-275,GB1 1AC
way/1252341626-275,GB1 1AC
way/1263095951-275,GB1 1AC
way/1271295337-400,GB1 0AC
way/127184694-400,GB1 1AC
way/1274396508-400,GB1 1AC
way/1274943512-275,GB1 1AC
way/1274952328-275,GB1 1AC
way/1275300370-275,GB1 0AC
way/1297690788-275,GB1 1AC
way/133323988-275,GB1 1AC
way/135693940-275,GB1 1AC
way/1377318457-400,GB1 0AC
way/1382515756-400,GB1 0AC
way/1386143667-220,GB1 0AC
way/1389837644-400,GB1 0AC
way/1395117766-400,GB1 1AC
way/1409483752-220,GB1 1AC
way/1409483753-220,GB1 1AC
way/142397822-400,GB1 1AC
way/142841192-275,GB1 1AC
way/142843255-400,GB1 1AC
way/142845284-400,GB1 1AC
way/143105488-275,GB1 1AC
way/143110887-275,GB1 1AC
way/143221984-275,GB1 1AC
way/143383456-400,GB1 1AC
way/143398451-275,GB1 1AC
way/143783006-400,GB1 0AC
way/143905069-275,GB1 0AC
way/1447938901-400,GB1 0AC
way/1449383591-275,GB1 0AC
way/1466005286-275,GB1 0AC
way/1468976756-400,GB1 0AC
way/147475796-275,GB1 1AC
way/148382435-275,GB1 1AC
way/153884024-275,GB1 1AC
way/159736514-275,GB1 1AC
way/160580052-400,GB1 1AC
way/160616357-275,GB1 1AC
way/163036722-275,GB1 1AC
way/164380199-275,GB1 1AC
way/16582436-400,GB1 0AC
way/166703758-275,GB1 1AC
way/166703759-275,GB1 1AC
way/166703766-220,GB1 1AC
way/167621580-275,GB1 0AC
way/183904046-275,GB1 1AC
way/184584639-275,GB1 1AC
way/190511290-400,GB1 0AC
way/193617444-275,GB1 1AC
way/200511209-275,GB1 1AC
way/200635683-275,GB1 1AC
way/203880168-275,GB1 0AC
way/20851038-400,GB1 0AC
way/209404646-400,GB1 1AC
way/211549457-275,GB1 1AC
way/222205173-275,GB1 1AC
way/227495569-275,GB1 1AC
way/227589012-400,GB1 0AC
way/22975329-275,GB1 0AC
way/23059230-400,GB1 0AC
way/23059268-275,GB1 1AC
way/23132983-275,GB1 0AC
way/23164132-275,GB1 1AC
way/23164256-275,GB1 1AC
way/23228362-400,GB1 0AC
way/23228569-275,GB1 0AC
way/23229136-275,GB1 0AC
way/232319495-275,GB1 1AC
way/23232738-275,GB1 0AC
way/23234477-275,GB1 0AC
way/23248656-275,GB1 0AC
way/23299362-275,GB1 0AC
way/23299459-275,GB1 0AC
way/23390317-275,GB1 0AC
way/23494515-275,GB1 0AC
way/23988786-400,GB1 0AC
way/241491759-275,GB1 1AC
way/24165071-400,GB1 0AC
way/25492769-275,GB1 1AC
way/25629803-400,GB1 1AC
way/25784732-275,GB1 0AC
way/25935453-400,GB1 0AC
way/260300448-275,GB1 1AC
way/262532045-400,GB1 1AC
way/263863442-400,GB1 0AC
way/264104518-400,GB1 0AC
way/264371625-275,GB1 0AC
way/26678829-400,GB1 0AC
way/26938722-400,GB1 0AC
way/27163121-275,GB1 1AC
way/27332350-275,GB1 1AC
way/280317944-220,GB1 1AC
way/28194931-275,GB1 0AC
way/284874050-275,GB1 1AC
way/28691559-400,GB1 0AC
way/29111844-400,GB1 0AC
way/292371992-400,GB1 0AC
way/295657862-275,GB1 0AC
way/297840585-220,GB1 1AC
way/306451400-275,GB1 1AC
way/308653819-275,GB1 1AC
way/30930911-275,GB1 1AC
way/31015820-275,GB1 0AC
way/310502642-275,GB1 1AC
way/311840838-275,GB1 1AC
way/313495269-400,GB1 1AC
way/314338790-400,GB1 0AC
way/315213320-275,GB1 1AC
way/31545125-275,GB1 0AC
way/315965848-275,GB1 0AC
way/32227788-400,GB1 0AC
way/32604320-275,GB1 0AC
way/32796576-400,GB1 0AC
way/34205588-400,GB1 0AC
way/34656007-400,GB1 0AC
way/367005272-275,GB1 1AC
way/371757485-275,GB1 0AC
way/375626500-400,GB1 1AC
way/38528291-220,GB1 0AC
way/39679810-275,GB1 0AC
way/41710456-400,GB1 0AC
way/422486984-275,GB1 1AC
way/42800878-400,GB1 0AC
way/447297184-275,GB1 0AC
way/447301159-400,GB1 0AC
way/45087479-275,GB1 0AC
way/4715504-400,GB1 0AC
way/472164401-400,GB1 0AC
way/4746208-275,GB1 0AC
way/494951597-400,GB1 0AC
way/49499923-275,GB1 0AC
way/495512689-275,GB1 1AC
way/495512692-275,GB1 1AC
way/495624573-275,GB1 1AC
way/495624575-275,GB1 1AC
way/49601061-275,GB1 0AC
way/49922626-400,GB1 0AC
way/533670766-400,GB1 0AC
way/536905500-400,GB1 1AC
way/552551706-275,GB1 1AC
way/55284068-275,GB1 0AC
way/553490952-400,GB1 0AC
way/567187951-275,GB1 1AC
way/59736773-275,GB1 1AC
way/624256368-275,GB1 1AC
way/630939126-275,GB1 1AC
way/635229626-400,GB1 0AC
way/636630371-400,GB1 0AC
way/65482882-275,GB1 1AC
way/676646876-400,GB1 1AC
way/677845115-400,GB1 0AC
way/68515955-275,GB1 1AC
way/689626274-400,GB1 1AC
way/701436399-220,GB1 0AC
way/71118225-400,GB1 0AC
way/730870685-275,GB1 1AC
way/76468460-275,GB1 1AC
way/77065229-400,GB1 0AC
way/775577829-400,GB1 0AC
way/778717371-275,GB1 1AC
way/785730495-275,GB1 1AC
way/796648851-275,GB1 1AC
way/81098733-275,GB1 1AC
way/814351697-400,GB1 0AC
way/820229174-275,GB1 1AC
way/820231183-220,GB1 1AC
way/820237569-400,GB1 1AC
way/842685465-275,GB1 1AC
way/84803250-275,GB1 0AC
way/86071326-275,GB1 1AC
way/87204522-275,GB1 0AC
way/87207123-400,GB1 1AC
way/87953830-400,GB1 0AC
way/88287125-400,GB1 0AC
way/88389243-400,GB1 0AC
way/89038614-400,GB1 0AC
way/89453364-400,GB1 0AC
way/89573357-275,GB1 1AC
way/89573358-400,GB1 1AC
way/89836009-275,GB1 1AC
way/90099036-400,GB1 0AC
way/90125443-400,GB1 1AC
way/90534270-400,GB1 0AC
way/90539508-400,GB1 1AC
way/90547674-275,GB1 1AC
way/90547685-275,GB1 0AC
way/91003253-400,GB1 0AC
way/91010022-400,GB1 0AC
way/91010711-400,GB1 0AC
way/91056548-400,GB1 1AC
way/91082448-400,GB1 0AC
way/91955171-275,GB1 1AC
way/92221420-275,GB1 0AC
way/92260633-275,GB1 0AC
way/92331023-275,GB1 0AC
way/92340133-400,GB1 0AC
way/92458761-275,GB1 0AC
way/92460913-400,GB1 0AC
way/92483460-400,GB1 0AC
way/925179651-400,GB1 0AC
way/92737152-275,GB1 1AC
way/93299730-400,GB1 0AC
way/93878867-275,GB1 1AC
way/94530230-275,GB1 0AC
way/94543520-275,GB1 0AC
way/95279334-400,GB1 0AC
way/95338682-400,GB1 1AC
way/95374266-275,GB1 1AC
way/95749833-275,GB1 0AC
way/95895489-400,GB1 0AC
way/95896505-400,GB1 0AC
way/96067520-275,GB1 0AC
way/96107758-275,GB1 0AC
way/96630594-275,GB1 1AC
way/96905262-275,GB1 1AC
way/97256377-275,GB1 1AC
way/97551523-400,GB1 1AC
way/98899051-400,GB1 1AC
way/137050527-275,GB3 0AC
way/142185552-275,GB3 0AC
way/148266260-275,GB3 0AC
way/166764802-275,GB3 0AC
way/227767019-275,GB3 0AC
way/227767022-275,GB3 0AC
way/230134599-275,GB3 0AC
way/339008021-275,GB3 0AC
way/1185265742,GB5 0AC
relation/18916482-400,GR2 0AC
virtual_relation/13096306:a:1-400,GR2 0AC
virtual_relation/13096306:b:1-400,GR2 0AC
virtual_way/1024249021:0-400,GR2 0AC
virtual_way/1251995800:0-400,GR2 0AC
virtual_way/251579391:1-400,GR2 0AC
virtual_way/85585501:a:0-400,GR2 0AC
virtual_way/85612095:a:1-400,GR2 0AC
virtual_way/85646786:0-400,GR2 0AC
virtual_way/85646786:1-400,GR2 0AC
way/105184051-400,GR2 0AC
way/1256844098-400,GR2 0AC
way/140248148-400,GR2 0AC
way/141220249-400,GR2 0AC
way/1448342653-400,GR2 0AC
way/149672244-400,GR2 0AC
way/171506480-400,GR2 0AC
way/252077527-400,GR2 0AC
way/253903008-400,GR2 0AC
way/302950604-400,GR2 0AC
way/51408420-400,GR2 0AC
way/55099563-400,GR2 0AC
way/85518393-400,GR2 0AC
way/85526073-400,GR2 0AC
way/85585500-400,GR2 0AC
way/85612093-400,GR2 0AC
way/85646787-400,GR2 0AC
way/85682590-400,GR2 0AC
way/85705637-400,GR2 0AC
way/86577898-400,GR2 0AC
way/93119207-400,GR2 0AC
virtual_relation/5203281:1-220,HR2 0AC
virtual_way/113695351:1-220,HR2 0AC
virtual_way/1443787418:0-220,HR2 0AC
way/113757307-220,HR2 0AC
way/162022271-220,HR2 0AC
way/163860997-400,HR2 0AC
way/170366194-220,HR2 0AC
way/173272584-220,HR2 0AC
way/273326173-220,HR2 0AC
way/43337263-220,HR2 0AC
way/59683455-220,HR2 0AC
way/737067003-220,HR2 0AC
way/89818719-400,HR2 0AC
way/89819945-220,HR2 0AC
way/89823918-400,HR2 0AC
way/96704507-220,HR2 0AC
way/96722667-220,HR2 0AC
relation/15865158-400,HU2 0AC
relation/16378805-220,HU2 0AC
relation/9470706-220,HU2 0AC
virtual_relation/4791312:b:1-400,HU2 0AC
virtual_relation/5203259:1-400,HU2 0AC
virtual_way/1052168014:1-400,HU2 0AC
virtual_way/1116111030:1-220,HU2 0AC
virtual_way/1234852623:1-220,HU2 0AC
virtual_way/318406858:1-400,HU2 0AC
virtual_way/662675820:a:1-400,HU2 0AC
way/100788162-400,HU2 0AC
way/100804905-220,HU2 0AC
way/100804921-220,HU2 0AC
way/100844170-220,HU2 0AC
way/100872886-220,HU2 0AC
way/100962927-400,HU2 0AC
way/113570302-400,HU2 0AC
way/124244078-220,HU2 0AC
way/142106943-400,HU2 0AC
way/142109093-400,HU2 0AC
way/155227474-220,HU2 0AC
way/155803703-400,HU2 0AC
way/166155511-400,HU2 0AC
way/167896114-400,HU2 0AC
way/195168461-400,HU2 0AC
way/244038276-220,HU2 0AC
way/251991299-220,HU2 0AC
way/252028146-220,HU2 0AC
way/325372656-400,HU2 0AC
way/33846555-400,HU2 0AC
way/464834617-220,HU2 0AC
way/503615215-400,HU2 0AC
way/65034002-400,HU2 0AC
way/859708761-400,HU2 0AC
way/96705565-400,HU2 0AC
way/986231091-400,HU2 0AC
virtual_relation/4872296:a:1-220,IE3 0AC
virtual_way/104388590:0-220,IE3 0AC
virtual_way/1059093587:0-220,IE3 0AC
virtual_way/42838773:0-220,IE3 0AC
virtual_way/722383060:0-220,IE3 0AC
virtual_way/88462764:1-220,IE3 0AC
virtual_way/88609401:1-220,IE3 0AC
way/1003262502-220,IE3 0AC
way/104388595-220,IE3 0AC
way/104388599-220,IE3 0AC
way/1154822210-220,IE3 0AC
way/147525695-220,IE3 0AC
way/150124101-220,IE3 0AC
way/179121616-220,IE3 0AC
way/180637986-220,IE3 0AC
way/185693432-220,IE3 0AC
way/186889669-220,IE3 0AC
way/194575030-220,IE3 0AC
way/194614470-220,IE3 0AC
way/197846408-220,IE3 0AC
way/207331199-220,IE3 0AC
way/207339053-220,IE3 0AC
way/208124159-220,IE3 0AC
way/254158424-220,IE3 0AC
way/255668124-220,IE3 0AC
way/264275258-220,IE3 0AC
way/264852019-220,IE3 0AC
way/266025855-220,IE3 0AC
way/288283900-220,IE3 0AC
way/35150701-220,IE3 0AC
way/42998577-220,IE3 0AC
way/516651650-220,IE3 0AC
way/516752881-220,IE3 0AC
way/79803767-220,IE3 0AC
way/819997192-220,IE3 0AC
way/88144450-220,IE3 0AC
way/88462768-220,IE3 0AC
way/89760546-220,IE3 0AC
relation/13020240-220,IT2 1AC
relation/1377432-220,IT2 0AC
relation/17467354-380,IT2 1AC
virtual_relation/13136695:b:1-380,IT2 1AC
virtual_relation/13164357:b:1-380,IT2 1AC
virtual_relation/13171807:0-220,IT2 1AC
virtual_relation/13184660:1-220,IT2 1AC
virtual_relation/4798436:1-220,IT2 1AC
virtual_relation/6027741:0-220,IT2 0AC
virtual_relation/6029561:1-220,IT2 0AC
virtual_relation/6033303:b:1-220,IT2 0AC
virtual_relation/6266714:0-220,IT2 1AC
virtual_relation/6266714:1-220,IT2 1AC
virtual_relation/6270040:a:1-380,IT2 0AC
virtual_relation/6272085:a:1-380,IT2 0AC
virtual_relation/6272085:b:1-380,IT2 0AC
virtual_relation/6272099:b:1-380,IT2 0AC
virtual_relation/6272247:a:1-380,IT2 1AC
virtual_relation/6274465:a:1-220,IT2 1AC
virtual_relation/6274465:b:1-220,IT2 1AC
virtual_relation/6344742:0-220,IT2 1AC
virtual_relation/6433063:1-220,IT2 1AC
virtual_relation/6433152:0-220,IT2 1AC
virtual_relation/6533620:a:1-380,IT2 1AC
virtual_relation/6662326:a:1-380,IT2 1AC
virtual_relation/6662326:b:1-380,IT2 1AC
virtual_way/104614737:1-220,IT2 0AC
virtual_way/106292308:a:1-220,IT2 0AC
virtual_way/107204718:1-220,IT2 0AC
virtual_way/115917637:b:1-220,IT2 0AC
virtual_way/117172072:1-220,IT2 0AC
virtual_way/117881427:0-220,IT2 0AC
virtual_way/117881427:1-220,IT2 0AC
virtual_way/117881428:0-220,IT2 0AC
virtual_way/117881925:1-220,IT2 0AC
virtual_way/117882039:1-220,IT2 0AC
virtual_way/117882867:0-220,IT2 0AC
virtual_way/117882869:1-220,IT2 0AC
virtual_way/117882921:0-220,IT2 0AC
virtual_way/120790013:0-220,IT2 0AC
virtual_way/128541288:1-220,IT2 0AC
virtual_way/128602195:1-220,IT2 0AC
virtual_way/129410733:0-220,IT2 0AC
virtual_way/131290697:0-220,IT2 0AC
virtual_way/132457506:1-220,IT2 1AC
virtual_way/139498124:1-220,IT2 0AC
virtual_way/139756002:0-220,IT2 0AC
virtual_way/139756002:1-220,IT2 0AC
virtual_way/140231506:1-220,IT2 0AC
virtual_way/142052859:0-380,IT2 0AC
virtual_way/148568470:1-220,IT2 0AC
virtual_way/149187920:1-220,IT2 0AC
virtual_way/149187924:c:1-220,IT2 0AC
virtual_way/155791524:0-220,IT2 0AC
virtual_way/155791524:1-220,IT2 0AC
virtual_way/157902986:1-380,IT2 1AC
virtual_way/158652471:1-220,IT2 1AC
virtual_way/160661275:a:1-220,IT2 0AC
virtual_way/191689385:0-380,IT2 1AC
virtual_way/199288415:1-220,IT2 0AC
virtual_way/201293322:1-220,IT2 0AC
virtual_way/201404290:0-220,IT2 0AC
virtual_way/202257880:1-220,IT2 0AC
virtual_way/205597562:0-220,IT2 0AC
virtual_way/205598131:a:1-220,IT2 0AC
virtual_way/206971056:1-220,IT2 0AC
virtual_way/206974027:1-220,IT2 0AC
virtual_way/208277719:0-220,IT2 0AC
virtual_way/210604515:1-220,IT2 0AC
virtual_way/210608739:0-220,IT2 0AC
virtual_way/210639715:0-220,IT2 0AC
virtual_way/211506265:0-220,IT2 0AC
virtual_way/211512677:1-220,IT2 0AC
virtual_way/211516295:0-220,IT2 0AC
virtual_way/211517212:1-220,IT2 0AC
virtual_way/211518749:1-220,IT2 0AC
virtual_way/211518752:1-220,IT2 0AC
virtual_way/211771760:0-220,IT2 1AC
virtual_way/211771760:1-220,IT2 1AC
virtual_way/212491452:b:1-220,IT2 0AC
virtual_way/224616648:0-220,IT2 0AC
virtual_way/224616650:0-220,IT2 0AC
virtual_way/224640934:0-220,IT2 0AC
virtual_way/224640934:1-220,IT2 0AC
virtual_way/265594028:1-220,IT2 0AC
virtual_way/267562033:a:1-220,IT2 0AC
virtual_way/297548824:1-220,IT2 0AC
virtual_way/318370283:1-220,IT2 0AC
virtual_way/32842009:1-220,IT2 0AC
virtual_way/333970988:1-380,IT2 0AC
virtual_way/334833132:1-220,IT2 0AC
virtual_way/336053434:1-220,IT2 0AC
virtual_way/338449928:1-380,IT2 0AC
virtual_way/339184134:0-380,IT2 1AC
virtual_way/364125018:0-220,IT2 0AC
virtual_way/374939526:a:1-220,IT2 0AC
virtual_way/377588175:1-220,IT2 1AC
virtual_way/40119229:0-220,IT2 0AC
virtual_way/40119229:1-220,IT2 0AC
virtual_way/402344628:a:0-220,IT2 1AC
virtual_way/41936332:1-220,IT2 0AC
virtual_way/560505523:1-380,IT2 1AC
virtual_way/581583151:1-380,IT2 0AC
virtual_way/58499480:0-380,IT2 0AC
virtual_way/58499480:1-380,IT2 0AC
virtual_way/59099545:0-380,IT2 0AC
virtual_way/59099545:1-380,IT2 0AC
virtual_way/59121614:1-380,IT2 0AC
virtual_way/59219334:1-380,IT2 1AC
virtual_way/60965214:0-380,IT2 0AC
virtual_way/61675234:0-220,IT2 0AC
virtual_way/61712451:0-380,IT2 1AC
virtual_way/61730131:0-220,IT2 0AC
virtual_way/61940512:0-380,IT2 1AC
virtual_way/72561694:0-220,IT2 0AC
virtual_way/73723120:1-220,IT2 0AC
virtual_way/73855560:0-220,IT2 0AC
virtual_way/74257735:0-220,IT2 0AC
virtual_way/74257804:1-220,IT2 0AC
virtual_way/75947638:a:1-220,IT2 0AC
virtual_way/792093711:1-220,IT2 0AC
virtual_way/80509962:1-380,IT2 0AC
virtual_way/80517638:0-220,IT2 1AC
virtual_way/82164684:1-380,IT2 0AC
virtual_way/82164688:1-380,IT2 0AC
virtual_way/82558092:1-220,IT2 0AC
virtual_way/82711992:0-220,IT2 0AC
virtual_way/82711992:1-220,IT2 0AC
virtual_way/83488228:1-380,IT2 0AC
virtual_way/84694493:0-380,IT2 1AC
virtual_way/86112994:0-220,IT2 0AC
virtual_way/86112994:1-220,IT2 0AC
virtual_way/90279825:0-220,IT2 0AC
virtual_way/96248411:0-380,IT2 0AC
virtual_way/96248411:1-380,IT2 0AC
virtual_way/97564413:1-220,IT2 0AC
virtual_way/98309171:0-380,IT2 0AC
virtual_way/98361708:0-220,IT2 0AC
virtual_way/98361709:0-380,IT2 0AC
virtual_way/98365584:1-380,IT2 0AC
virtual_way/98365587:0-380,IT2 0AC
virtual_way/98365587:1-380,IT2 0AC
virtual_way/98371327:1-220,IT2 0AC
virtual_way/98443451:0-380,IT2 0AC
virtual_way/98443451:1-380,IT2 0AC
virtual_way/98514547:0-380,IT2 0AC
virtual_way/98514547:1-380,IT2 0AC
virtual_way/988301723:0-380,IT2 1AC
virtual_way/99833686:1-220,IT2 0AC
way/100253768-380,IT2 0AC
way/100407576-220,IT2 0AC
way/102185356-220,IT2 0AC
way/102185362-220,IT2 0AC
way/102287716-220,IT2 0AC
way/102675884-220,IT2 0AC
way/103007030-220,IT2 0AC
way/103127417-220,IT2 0AC
way/103264820-220,IT2 0AC
way/103306951-380,IT2 1AC
way/103386958-380,IT2 1AC
way/103418587-220,IT2 0AC
way/103549584-220,IT2 0AC
way/103653565-220,IT2 0AC
way/103653567-220,IT2 0AC
way/103653591-220,IT2 0AC
way/103725268-220,IT2 0AC
way/103974946-220,IT2 0AC
way/104114052-220,IT2 0AC
way/104239286-220,IT2 0AC
way/104239342-220,IT2 0AC
way/104321356-220,IT2 1AC
way/104359058-380,IT2 0AC
way/105141350-220,IT2 0AC
way/105462289-220,IT2 0AC
way/105757795-220,IT2 0AC
way/105801489-220,IT2 0AC
way/105827045-220,IT2 0AC
way/107204719-220,IT2 0AC
way/107681459-380,IT2 0AC
way/107683818-380,IT2 0AC
way/109588422-380,IT2 1AC
way/109756016-380,IT2 1AC
way/1097982502-380,IT2 1AC
way/1098087457-380,IT2 1AC
way/1098527891-220,IT2 1AC
way/109993642-380,IT2 1AC
way/109997676-380,IT2 1AC
way/1100665914-380,IT2 1AC
way/110138220-220,IT2 1AC
way/110310021-380,IT2 1AC
way/110330925-380,IT2 1AC
way/1103579629-380,IT2 1AC
way/110660048-380,IT2 1AC
way/111020792-220,IT2 0AC
way/1134655722-220,IT2 1AC
way/1137611914-380,IT2 1AC
way/114659171-220,IT2 1AC
way/114931087-380,IT2 0AC
way/1155109909-220,IT2 0AC
way/116517585-380,IT2 0AC
way/116518388-380,IT2 0AC
way/116697005-380,IT2 0AC
way/1203262444-220,IT2 0AC
way/120356593-380,IT2 0AC
way/1204275778-220,IT2 0AC
way/1205235724-220,IT2 0AC
way/124220303-220,IT2 1AC
way/126203383-380,IT2 1AC
way/128602121-220,IT2 0AC
way/131291789-380,IT2 0AC
way/1317893095-220,IT2 1AC
way/132455976-220,IT2 1AC
way/132637884-220,IT2 1AC
way/132638645-220,IT2 1AC
way/132643428-220,IT2 1AC
way/132645607-220,IT2 1AC
way/132701980-220,IT2 1AC
way/132702940-220,IT2 1AC
way/132725149-220,IT2 1AC
way/132726160-220,IT2 1AC
way/133601335-220,IT2 0AC
way/135270825-220,IT2 0AC
way/136457747-220,IT2 1AC
way/137317951-220,IT2 0AC
way/139975773-380,IT2 0AC
way/143585004-380,IT2 0AC
way/146791061-380,IT2 1AC
way/147466201-220,IT2 0AC
way/148969091-380,IT2 0AC
way/151070909-220,IT2 0AC
way/151199514-220,IT2 0AC
way/151335166-220,IT2 0AC
way/153548074-220,IT2 0AC
way/155158689-380,IT2 0AC
way/155590373-380,IT2 1AC
way/155791516-380,IT2 0AC
way/155976582-220,IT2 0AC
way/156001963-220,IT2 0AC
way/156001981-220,IT2 0AC
way/157912118-380,IT2 1AC
way/158599954-220,IT2 0AC
way/158652469-220,IT2 1AC
way/159821869-220,IT2 0AC
way/161867064-220,IT2 0AC
way/162066058-220,IT2 0AC
way/162960205-220,IT2 0AC
way/163058980-220,IT2 0AC
way/163958919-220,IT2 0AC
way/163958920-220,IT2 0AC
way/166196787-220,IT2 0AC
way/172302572-380,IT2 1AC
way/172705586-220,IT2 1AC
way/181125039-220,IT2 0AC
way/189612607-380,IT2 0AC
way/199676823-380,IT2 1AC
way/202271565-380,IT2 0AC
way/202272734-220,IT2 0AC
way/202711181-220,IT2 1AC
way/207383904-220,IT2 1AC
way/208398923-380,IT2 0AC
way/209982720-380,IT2 1AC
way/211180338-380,IT2 0AC
way/214294769-220,IT2 0AC
way/236661269-380,IT2 0AC
way/257351439-380,IT2 1AC
way/288149641-220,IT2 0AC
way/296141722-220,IT2 0AC
way/303965869-380,IT2 1AC
way/309371152-220,IT2 0AC
way/309371153-220,IT2 0AC
way/321724202-380,IT2 1AC
way/338453112-380,IT2 0AC
way/338760116-380,IT2 1AC
way/338790588-380,IT2 1AC
way/338792752-380,IT2 1AC
way/338795626-380,IT2 1AC
way/339104227-380,IT2 0AC
way/339704025-380,IT2 1AC
way/339706878-380,IT2 1AC
way/339706880-380,IT2 1AC
way/350356755-220,IT2 0AC
way/354923815-220,IT2 0AC
way/35680992-220,IT2 0AC
way/363469921-380,IT2 0AC
way/375907988-220,IT2 1AC
way/376351180-220,IT2 1AC
way/376502663-220,IT2 1AC
way/376502734-220,IT2 1AC
way/376642649-220,IT2 0AC
way/376952600-220,IT2 1AC
way/376952616-220,IT2 1AC
way/377438329-220,IT2 1AC
way/377444648-220,IT2 1AC
way/377444657-220,IT2 1AC
way/377588184-220,IT2 1AC
way/377830944-220,IT2 0AC
way/377832777-220,IT2 0AC
way/392068532-380,IT2 1AC
way/39255054-380,IT2 0AC
way/412909650-220,IT2 0AC
way/412967424-220,IT2 0AC
way/41360305-380,IT2 0AC
way/416679117-220,IT2 0AC
way/418565263-380,IT2 1AC
way/419423700-220,IT2 1AC
way/419423704-220,IT2 1AC
way/419423705-380,IT2 1AC
way/420521627-220,IT2 1AC
way/420698910-220,IT2 1AC
way/42206116-380,IT2 0AC
way/42862642-220,IT2 0AC
way/435429368-220,IT2 1AC
way/435433908-220,IT2 1AC
way/435433909-220,IT2 1AC
way/436352445-220,IT2 1AC
way/448777455-220,IT2 0AC
way/449694943-380,IT2 1AC
way/491424937-380,IT2 0AC
way/491424941-220,IT2 0AC
way/495354824-380,IT2 1AC
way/504195617-220,IT2 1AC
way/50589203-220,IT2 1AC
way/507064051-220,IT2 1AC
way/53635045-220,IT2 1AC
way/56984450-220,IT2 1AC
way/57380344-220,IT2 1AC
way/57403755-220,IT2 1AC
way/57736541-220,IT2 1AC
way/57736553-220,IT2 1AC
way/58440884-380,IT2 0AC
way/58516664-220,IT2 0AC
way/58931857-380,IT2 1AC
way/58992998-380,IT2 0AC
way/590522266-220,IT2 0AC
way/591027058-380,IT2 1AC
way/59219335-380,IT2 0AC
way/59366523-220,IT2 0AC
way/59462263-380,IT2 0AC
way/59556712-220,IT2 0AC
way/59604857-220,IT2 0AC
way/59629638-220,IT2 0AC
way/60235685-380,IT2 1AC
way/60725875-220,IT2 0AC
way/60888331-380,IT2 1AC
way/60913666-380,IT2 1AC
way/61038773-220,IT2 0AC
way/61157826-380,IT2 1AC
way/61484190-220,IT2 0AC
way/61626687-380,IT2 1AC
way/61650514-220,IT2 0AC
way/61712456-220,IT2 1AC
way/64942789-380,IT2 0AC
way/66872608-220,IT2 0AC
way/67461115-220,IT2 0AC
way/72466334-220,IT2 0AC
way/72475426-380,IT2 0AC
way/72570378-380,IT2 0AC
way/72570474-380,IT2 0AC
way/72581705-380,IT2 0AC
way/74359510-220,IT2 0AC
way/74677138-380,IT2 0AC
way/74943205-380,IT2 0AC
way/75602396-380,IT2 0AC
way/75947556-380,IT2 0AC
way/76705565-220,IT2 1AC
way/76709660-380,IT2 1AC
way/78066534-380,IT2 0AC
way/79879290-220,IT2 0AC
way/80442466-220,IT2 0AC
way/81929591-380,IT2 0AC
way/81931074-380,IT2 0AC
way/81938081-380,IT2 0AC
way/82083756-380,IT2 0AC
way/82084013-380,IT2 0AC
way/82084019-380,IT2 0AC
way/82651599-220,IT2 0AC
way/82759380-380,IT2 1AC
way/83058212-380,IT2 1AC
way/83805453-380,IT2 0AC
way/83872215-380,IT2 1AC
way/84277460-220,IT2 1AC
way/84301904-380,IT2 0AC
way/84696559-220,IT2 1AC
way/84963374-220,IT2 1AC
way/85297730-220,IT2 1AC
way/88361192-220,IT2 0AC
way/891280888-380,IT2 1AC
way/93038661-380,IT2 0AC
way/93315059-380,IT2 0AC
way/93850768-220,IT2 1AC
way/93860115-220,IT2 1AC
way/944660251-220,IT2 1AC
way/95466377-220,IT2 1AC
way/96190189-220,IT2 1AC
way/96658563-220,IT2 0AC
way/96727258-220,IT2 0AC
way/98421779-380,IT2 0AC
way/98427149-380,IT2 0AC
way/98427407-220,IT2 0AC
way/98638424-220,IT2 0AC
way/98787157-220,IT2 0AC
way/988370787-220,IT2 1AC
way/988654143-380,IT2 1AC
way/98901130-380,IT2 0AC
way/99694910-380,IT2 0AC
virtual_relation/6432671:1-220,IT4 0AC
virtual_way/100829786:0-380,IT4 0AC
virtual_way/100829786:1-380,IT4 0AC
way/1156702013-220,IT4 0AC
way/141046481-220,IT4 0AC
way/144005861-220,IT4 0AC
way/144005863-380,IT4 0AC
way/144006711-220,IT4 0AC
way/210352180-220,IT4 0AC
way/303915533-220,IT4 0AC
way/375892272-220,IT4 0AC
way/409439916-380,IT4 0AC
way/432871052-220,IT4 0AC
relation/12048419-330,LT2 0AC
relation/8034395-330,LT2 0AC
virtual_relation/8711899:a:1-330,LT2 0AC
virtual_way/172394894:0-330,LT2 0AC
virtual_way/552905484:1-330,LT2 0AC
virtual_way/99207899:1-330,LT2 0AC
way/1182807118-330,LT2 0AC
way/1233470023-330,LT2 0AC
way/1239120856-330,LT2 0AC
way/1302167069-330,LT2 0AC
way/1317034700-330,LT2 0AC
way/1340185230-330,LT2 0AC
way/1379260309-330,LT2 0AC
way/158505202-330,LT2 0AC
way/192764283-330,LT2 0AC
way/210457037-330,LT2 0AC
way/220065689-330,LT2 0AC
way/256339597-330,LT2 0AC
way/25698690-330,LT2 0AC
way/258321412-330,LT2 0AC
way/266535277-330,LT2 0AC
way/268781050-330,LT2 0AC
way/626451207-330,LT2 0AC
way/626451210-330,LT2 0AC
way/90098783-330,LT2 0AC
way/971483945-330,LT2 0AC
relation/13319688-220,LU2 0AC
way/33814243-220,LU2 0AC
way/33814365-220,LU2 0AC
way/387620061-220,LU2 0AC
way/460847807-220,LU2 0AC
way/63089603-220,LU2 0AC
way/89176956-220,LU2 0AC
way/91823933-220,LU2 0AC
relation/11980722-330,LV2 0AC
relation/12970096-330,LV2 0AC
relation/13530288-330,LV2 0AC
relation/6495601-330,LV2 0AC
virtual_way/1213611601:1-330,LV2 0AC
virtual_way/152614333:0-330,LV2 0AC
virtual_way/152614333:1-330,LV2 0AC
virtual_way/945621137:1-330,LV2 0AC
virtual_way/948692672:1-330,LV2 0AC
way/1377236428-330,LV2 0AC
way/156541987-330,LV2 0AC
way/172286289-330,LV2 0AC
way/183128353-330,LV2 0AC
way/183386421-330,LV2 0AC
way/184063224-330,LV2 0AC
way/27296443-330,LV2 0AC
way/514772639-330,LV2 0AC
way/81243950-330,LV2 0AC
way/89088068-330,LV2 0AC
virtual_way/282359673:1-400,ME2 0AC
virtual_way/282359678:0-400,ME2 0AC
virtual_way/766176984:1-400,ME2 0AC
virtual_way/806282517:a:1-400,ME2 0AC
virtual_way/857254625:1-220,ME2 0AC
way/1255787053-220,ME2 0AC
way/1256007960-400,ME2 0AC
way/1256060610-400,ME2 0AC
way/351672823-220,ME2 0AC
way/665827369-400,ME2 0AC
way/196590421-400,MK2 0AC
way/196590422-400,MK2 0AC
way/196633567-400,MK2 0AC
way/196634265-400,MK2 0AC
virtual_relation/12004718:1-220,NL2 0AC
virtual_relation/12004719:1-220,NL2 0AC
way/1099434374-220,NL2 0AC
way/1218950123-380,NL2 0AC
way/146901292-380,NL2 0AC
way/157902099-380,NL2 0AC
way/162176187-380,NL2 0AC
way/162179284-380,NL2 0AC
way/165242802-380,NL2 0AC
way/168037483-220,NL2 0AC
way/22984334-380,NL2 0AC
way/23096966-380,NL2 0AC
way/23135563-380,NL2 0AC
way/308181656-380,NL2 0AC
way/477949333-380,NL2 0AC
way/480742730-380,NL2 0AC
way/577158336-380,NL2 0AC
way/606842829-220,NL2 0AC
way/693745438-220,NL2 0AC
way/723528920-380,NL2 0AC
way/72888152-380,NL2 0AC
way/83423799-380,NL2 0AC
way/87177559-220,NL2 0AC
way/87207800-220,NL2 0AC
way/87342758-220,NL2 0AC
way/87354306-220,NL2 0AC
way/87358157-220,NL2 0AC
way/87448656-220,NL2 0AC
way/87792499-380,NL2 0AC
way/87794279-380,NL2 0AC
way/920127890-380,NL2 0AC
way/934114405-380,NL2 0AC
way/942640207-220,NL2 0AC
way/96382845-380,NL2 0AC
relation/10086891-300,NO0 0AC
relation/10175479-300,NO0 0AC
relation/10220813-420,NO0 0AC
relation/10308957-300,NO0 0AC
relation/11036958-300,NO0 0AC
relation/11512349-300,NO0 0AC
relation/11568632-420,NO0 0AC
relation/12274653-420,NO0 0AC
relation/12277754-300,NO0 0AC
relation/12832052-420,NO0 0AC
relation/13447791-420,NO0 0AC
relation/13989591-300,NO0 0AC
relation/18667239-300,NO0 0AC
relation/19581816-300,NO0 0AC
relation/3993780-420,NO0 0AC
relation/7802012-300,NO0 0AC
relation/7805329-300,NO0 0AC
relation/7809753-300,NO0 0AC
relation/7812776-420,NO0 0AC
relation/7839720-300,NO0 0AC
relation/7842286-300,NO0 0AC
relation/7847764-420,NO0 0AC
relation/7854485-300,NO0 0AC
relation/7879876-300,NO0 0AC
relation/7879879-420,NO0 0AC
relation/7883264-300,NO0 0AC
relation/7883882-300,NO0 0AC
relation/7928148-420,NO0 0AC
relation/8182117-420,NO0 0AC
relation/8239198-300,NO0 0AC
relation/8293948-420,NO0 0AC
relation/8332571-300,NO0 0AC
relation/8473044-220,NO0 0AC
relation/8476872-300,NO0 0AC
relation/8481866-300,NO0 0AC
relation/8488332-300,NO0 0AC
relation/8520950-300,NO0 0AC
relation/8527323-420,NO0 0AC
relation/8536441-300,NO0 0AC
relation/8721337-300,NO0 0AC
relation/8834935-300,NO0 0AC
relation/8836351-300,NO0 0AC
relation/8837899-300,NO0 0AC
relation/8846916-300,NO0 0AC
relation/8847096-300,NO0 0AC
relation/8857363-300,NO0 0AC
relation/8860331-300,NO0 0AC
relation/8864887-300,NO0 0AC
relation/8886202-300,NO0 0AC
relation/8890360-300,NO0 0AC
relation/8894066-300,NO0 0AC
relation/9032385-300,NO0 0AC
virtual_way/1000512859:0-420,NO0 0AC
virtual_way/1000512859:1-420,NO0 0AC
virtual_way/1000512861:1-420,NO0 0AC
virtual_way/118991395:0-420,NO0 0AC
virtual_way/118991395:1-420,NO0 0AC
virtual_way/1278052876:1-420,NO0 0AC
virtual_way/1278052880:1-420,NO0 0AC
virtual_way/1278052883:1-420,NO0 0AC
virtual_way/158612365:0-300,NO0 0AC
virtual_way/158612365:1-300,NO0 0AC
virtual_way/158612368:0-300,NO0 0AC
virtual_way/158612370:1-300,NO0 0AC
virtual_way/164961083:1-300,NO0 0AC
virtual_way/197819526:1-420,NO0 0AC
virtual_way/206628452:0-420,NO0 0AC
virtual_way/211112061:1-300,NO0 0AC
virtual_way/231380681:1-420,NO0 0AC
virtual_way/233368430:0-420,NO0 0AC
virtual_way/233368430:1-420,NO0 0AC
virtual_way/233898699:1-420,NO0 0AC
virtual_way/283591270:0-420,NO0 0AC
virtual_way/285481541:1-300,NO0 0AC
virtual_way/285498848:1-420,NO0 0AC
virtual_way/285712577:1-300,NO0 0AC
virtual_way/285745712:b:1-300,NO0 0AC
virtual_way/287112084:1-300,NO0 0AC
virtual_way/290393695:1-300,NO0 0AC
virtual_way/290396037:0-300,NO0 0AC
virtual_way/292009076:0-300,NO0 0AC
virtual_way/292009081:0-300,NO0 0AC
virtual_way/292593505:1-400,NO0 0AC
virtual_way/296234857:1-420,NO0 0AC
virtual_way/297395809:0-420,NO0 0AC
virtual_way/297395812:1-420,NO0 0AC
virtual_way/400886659:0-420,NO0 0AC
virtual_way/400886659:1-420,NO0 0AC
virtual_way/400890674:0-420,NO0 0AC
virtual_way/405307058:1-420,NO0 0AC
virtual_way/432965768:1-420,NO0 0AC
virtual_way/545813874:0-420,NO0 0AC
virtual_way/545813881:0-420,NO0 0AC
virtual_way/545813898:0-420,NO0 0AC
virtual_way/545813906:0-420,NO0 0AC
virtual_way/546502353:0-300,NO0 0AC
virtual_way/546502353:1-300,NO0 0AC
virtual_way/546502370:0-300,NO0 0AC
virtual_way/546542306:1-300,NO0 0AC
virtual_way/546803766:0-420,NO0 0AC
virtual_way/547743448:1-420,NO0 0AC
virtual_way/548201574:0-420,NO0 0AC
virtual_way/548201574:1-420,NO0 0AC
virtual_way/548339557:0-420,NO0 0AC
virtual_way/548339557:1-420,NO0 0AC
virtual_way/548339559:0-420,NO0 0AC
virtual_way/548339559:1-420,NO0 0AC
virtual_way/548473083:1-420,NO0 0AC
virtual_way/548473095:0-420,NO0 0AC
virtual_way/548627777:0-420,NO0 0AC
virtual_way/548627781:0-420,NO0 0AC
virtual_way/548627788:1-420,NO0 0AC
virtual_way/549830970:1-300,NO0 0AC
virtual_way/551048580:a:0-300,NO0 0AC
virtual_way/551276225:0-420,NO0 0AC
virtual_way/551307201:0-420,NO0 0AC
virtual_way/551893759:a:0-300,NO0 0AC
virtual_way/552435149:0-420,NO0 0AC
virtual_way/572898640:1-420,NO0 0AC
virtual_way/579541259:1-300,NO0 0AC
virtual_way/587071732:1-420,NO0 0AC
virtual_way/587693417:0-420,NO0 0AC
virtual_way/587802948:1-420,NO0 0AC
virtual_way/587802954:0-420,NO0 0AC
virtual_way/587802958:0-420,NO0 0AC
virtual_way/587802958:1-420,NO0 0AC
virtual_way/587802961:1-420,NO0 0AC
virtual_way/587802962:1-420,NO0 0AC
virtual_way/587802966:0-420,NO0 0AC
virtual_way/588709887:1-420,NO0 0AC
virtual_way/589054140:1-420,NO0 0AC
virtual_way/637688991:1-300,NO0 0AC
virtual_way/641064271:1-300,NO0 0AC
virtual_way/691457479:b:1-300,NO0 0AC
virtual_way/691481610:1-300,NO0 0AC
virtual_way/691481620:b:1-300,NO0 0AC
virtual_way/708130868:0-300,NO0 0AC
way/100151486-420,NO0 0AC
way/100648754-300,NO0 0AC
way/1028850312-300,NO0 0AC
way/1028850314-300,NO0 0AC
way/113442999-300,NO0 0AC
way/1140662370-420,NO0 0AC
way/114318083-420,NO0 0AC
way/114336709-300,NO0 0AC
way/114414014-300,NO0 0AC
way/114669733-300,NO0 0AC
way/114845318-300,NO0 0AC
way/1156161502-300,NO0 0AC
way/118231876-300,NO0 0AC
way/120279477-300,NO0 0AC
way/128406208-300,NO0 0AC
way/187555858-300,NO0 0AC
way/197866182-420,NO0 0AC
way/202200066-420,NO0 0AC
way/205115991-420,NO0 0AC
way/206628449-300,NO0 0AC
way/229806969-420,NO0 0AC
way/229806970-300,NO0 0AC
way/232893576-420,NO0 0AC
way/240202234-420,NO0 0AC
way/244179408-420,NO0 0AC
way/252924745-420,NO0 0AC
way/254428135-420,NO0 0AC
way/261717967-300,NO0 0AC
way/287115458-300,NO0 0AC
way/287685850-300,NO0 0AC
way/288812256-300,NO0 0AC
way/290360704-300,NO0 0AC
way/290373414-300,NO0 0AC
way/290390502-300,NO0 0AC
way/290562151-300,NO0 0AC
way/295444099-300,NO0 0AC
way/296229069-300,NO0 0AC
way/297388897-300,NO0 0AC
way/307323708-300,NO0 0AC
way/350332649-300,NO0 0AC
way/355844786-300,NO0 0AC
way/358915801-420,NO0 0AC
way/37907251-420,NO0 0AC
way/400655824-300,NO0 0AC
way/430780474-300,NO0 0AC
way/432965765-300,NO0 0AC
way/445514503-300,NO0 0AC
way/475820066-420,NO0 0AC
way/493018044-420,NO0 0AC
way/51854396-300,NO0 0AC
way/51855380-420,NO0 0AC
way/546262597-300,NO0 0AC
way/547743430-420,NO0 0AC
way/548201553-420,NO0 0AC
way/548473094-420,NO0 0AC
way/548709529-420,NO0 0AC
way/551964031-420,NO0 0AC
way/554551085-300,NO0 0AC
way/572898616-420,NO0 0AC
way/572898618-420,NO0 0AC
way/572898626-420,NO0 0AC
way/577998803-420,NO0 0AC
way/60495669-300,NO0 0AC
way/631983832-300,NO0 0AC
way/633896066-420,NO0 0AC
way/636875282-300,NO0 0AC
way/637005916-300,NO0 0AC
way/640796702-300,NO0 0AC
way/648848845-300,NO0 0AC
way/71356608-300,NO0 0AC
way/749676336-300,NO0 0AC
way/799370310-300,NO0 0AC
way/830770515-300,NO0 0AC
way/842385259-420,NO0 0AC
relation/18085709-400,PL2 0AC
relation/9399771-220,PL2 0AC
virtual_relation/2674033:a:1-400,PL2 0AC
virtual_relation/2674035:b:1-400,PL2 0AC
virtual_relation/5589533:0-400,PL2 0AC
virtual_relation/5594443:b:1-400,PL2 0AC
virtual_relation/5594443:d:1-400,PL2 0AC
virtual_relation/5594532:b:1-400,PL2 0AC
virtual_relation/5596461:1-220,PL2 0AC
virtual_relation/5596469:a:1-400,PL2 0AC
virtual_relation/5596643:a:1-220,PL2 0AC
virtual_relation/5598024:a:1-220,PL2 0AC
virtual_relation/5598027:b:1-220,PL2 0AC
virtual_relation/5598027:c:1-220,PL2 0AC
virtual_relation/5598129:a:1-220,PL2 0AC
virtual_way/1022361986:1-220,PL2 0AC
virtual_way/1148150975:1-400,PL2 0AC
virtual_way/130849502:1-400,PL2 0AC
virtual_way/145735629:0-220,PL2 0AC
virtual_way/1464015282:0-220,PL2 0AC
virtual_way/148989154:1-400,PL2 0AC
virtual_way/160595147:1-220,PL2 0AC
virtual_way/169288047:1-220,PL2 0AC
virtual_way/170000475:0-220,PL2 0AC
virtual_way/170000475:1-220,PL2 0AC
virtual_way/171092657:1-220,PL2 0AC
virtual_way/171839055:1-220,PL2 0AC
virtual_way/172089700:1-220,PL2 0AC
virtual_way/172279656:1-220,PL2 0AC
virtual_way/172447170:0-220,PL2 0AC
virtual_way/267951110:1-220,PL2 0AC
virtual_way/281264247:0-220,PL2 0AC
virtual_way/312025417:1-220,PL2 0AC
virtual_way/317833627:1-220,PL2 0AC
virtual_way/338117837:0-220,PL2 0AC
virtual_way/365716342:1-220,PL2 0AC
virtual_way/365716344:1-400,PL2 0AC
virtual_way/375527889:1-220,PL2 0AC
virtual_way/384345923:1-400,PL2 0AC
virtual_way/39025982:1-220,PL2 0AC
virtual_way/39992876:0-400,PL2 0AC
virtual_way/41454613:0-220,PL2 0AC
virtual_way/451058808:1-220,PL2 0AC
virtual_way/617971664:1-400,PL2 0AC
virtual_way/617980105:1-400,PL2 0AC
virtual_way/680567890:1-400,PL2 0AC
virtual_way/816139316:1-400,PL2 0AC
virtual_way/868341019:1-400,PL2 0AC
virtual_way/905049974:1-220,PL2 0AC
way/101914781-220,PL2 0AC
way/101915790-220,PL2 0AC
way/101982559-220,PL2 0AC
way/102165724-220,PL2 0AC
way/1022342082-220,PL2 0AC
way/111615226-220,PL2 0AC
way/112614319-400,PL2 0AC
way/115801644-220,PL2 0AC
way/121656686-220,PL2 0AC
way/133537926-220,PL2 0AC
way/135598292-220,PL2 0AC
way/139452056-220,PL2 0AC
way/144646702-400,PL2 0AC
way/145037309-220,PL2 0AC
way/148060965-400,PL2 0AC
way/148197330-220,PL2 0AC
way/153838553-220,PL2 0AC
way/154510504-400,PL2 0AC
way/154838041-220,PL2 0AC
way/154894455-400,PL2 0AC
way/158232924-220,PL2 0AC
way/166710856-400,PL2 0AC
way/166838338-400,PL2 0AC
way/170249563-220,PL2 0AC
way/170316833-220,PL2 0AC
way/170368942-220,PL2 0AC
way/171383831-220,PL2 0AC
way/171917072-400,PL2 0AC
way/173582810-220,PL2 0AC
way/175406958-220,PL2 0AC
way/177749653-220,PL2 0AC
way/178756295-220,PL2 0AC
way/179279860-220,PL2 0AC
way/180535363-220,PL2 0AC
way/180542657-220,PL2 0AC
way/183945016-220,PL2 0AC
way/184899160-220,PL2 0AC
way/185454704-220,PL2 0AC
way/185459155-220,PL2 0AC
way/189501431-220,PL2 0AC
way/189851841-220,PL2 0AC
way/191035265-220,PL2 0AC
way/191352746-220,PL2 0AC
way/194903381-220,PL2 0AC
way/199098050-220,PL2 0AC
way/199098053-220,PL2 0AC
way/199098055-220,PL2 0AC
way/215282393-400,PL2 0AC
way/216975352-220,PL2 0AC
way/217899005-220,PL2 0AC
way/228154083-220,PL2 0AC
way/238640596-220,PL2 0AC
way/241842600-220,PL2 0AC
way/251239544-220,PL2 0AC
way/255232597-220,PL2 0AC
way/255277953-400,PL2 0AC
way/255284259-220,PL2 0AC
way/255293403-400,PL2 0AC
way/255972326-400,PL2 0AC
way/255973806-400,PL2 0AC
way/276291999-220,PL2 0AC
way/29098336-220,PL2 0AC
way/29115701-220,PL2 0AC
way/291375946-220,PL2 0AC
way/29139402-220,PL2 0AC
way/293484891-220,PL2 0AC
way/293484894-220,PL2 0AC
way/293489607-400,PL2 0AC
way/303870256-400,PL2 0AC
way/32036484-220,PL2 0AC
way/32943179-220,PL2 0AC
way/336990960-220,PL2 0AC
way/35366436-220,PL2 0AC
way/385098015-400,PL2 0AC
way/385118244-400,PL2 0AC
way/385539724-220,PL2 0AC
way/39428977-220,PL2 0AC
way/40062974-220,PL2 0AC
way/40946784-400,PL2 0AC
way/40946790-220,PL2 0AC
way/44389929-220,PL2 0AC
way/46092396-220,PL2 0AC
way/46235456-220,PL2 0AC
way/534238983-220,PL2 0AC
way/66051759-220,PL2 0AC
way/66161634-220,PL2 0AC
way/668348943-220,PL2 0AC
way/726776987-220,PL2 0AC
way/72879943-220,PL2 0AC
way/79033485-400,PL2 0AC
way/86494356-400,PL2 0AC
way/87667718-220,PL2 0AC
way/88544449-220,PL2 0AC
way/912842670-400,PL2 0AC
way/91384044-400,PL2 0AC
way/98634956-220,PL2 0AC
way/99593626-220,PL2 0AC
relation/17294958-220,PT2 0AC
relation/19040600-400,PT2 0AC
relation/19585241-220,PT2 0AC
relation/19645437-400,PT2 0AC
relation/19645523-220,PT2 0AC
virtual_way/1056159570:0-220,PT2 0AC
virtual_way/118194421:1-220,PT2 0AC
virtual_way/1257563797:1-220,PT2 0AC
virtual_way/134140293:0-400,PT2 0AC
virtual_way/137265337:1-400,PT2 0AC
virtual_way/139014835:1-220,PT2 0AC
virtual_way/141462947:0-220,PT2 0AC
virtual_way/143143990:1-400,PT2 0AC
virtual_way/144377306:a:1-220,PT2 0AC
virtual_way/144385739:0-220,PT2 0AC
virtual_way/144385740:0-220,PT2 0AC
virtual_way/144385758:1-220,PT2 0AC
virtual_way/144396415:1-400,PT2 0AC
virtual_way/144396427:0-220,PT2 0AC
virtual_way/144396435:1-220,PT2 0AC
virtual_way/144439470:0-220,PT2 0AC
virtual_way/144439478:0-220,PT2 0AC
virtual_way/144554430:0-400,PT2 0AC
virtual_way/144564901:1-220,PT2 0AC
virtual_way/144633314:0-400,PT2 0AC
virtual_way/144651404:0-400,PT2 0AC
virtual_way/144651465:0-400,PT2 0AC
virtual_way/144651466:1-220,PT2 0AC
virtual_way/144653475:0-220,PT2 0AC
virtual_way/144654743:0-220,PT2 0AC
virtual_way/144654754:0-220,PT2 0AC
virtual_way/148052303:0-400,PT2 0AC
virtual_way/151111213:1-220,PT2 0AC
virtual_way/24635847:0-220,PT2 0AC
virtual_way/291954080:1-400,PT2 0AC
virtual_way/591811117:0-400,PT2 0AC
virtual_way/683735401:1-400,PT2 0AC
virtual_way/690953989:0-220,PT2 0AC
virtual_way/753700456:1-220,PT2 0AC
virtual_way/99655272:0-220,PT2 0AC
way/1054310285-220,PT2 0AC
way/116944631-220,PT2 0AC
way/1202440398-220,PT2 0AC
way/124722161-220,PT2 0AC
way/126366408-220,PT2 0AC
way/127205502-220,PT2 0AC
way/127205653-220,PT2 0AC
way/129055610-400,PT2 0AC
way/131715746-220,PT2 0AC
way/132865612-400,PT2 0AC
way/135457230-400,PT2 0AC
way/137667702-220,PT2 0AC
way/142182853-220,PT2 0AC
way/144374439-220,PT2 0AC
way/144374442-220,PT2 0AC
way/144377301-220,PT2 0AC
way/144385734-220,PT2 0AC
way/144386243-220,PT2 0AC
way/144396412-220,PT2 0AC
way/144396420-220,PT2 0AC
way/144398555-220,PT2 0AC
way/144400130-220,PT2 0AC
way/144432478-220,PT2 0AC
way/144432485-220,PT2 0AC
way/144432489-220,PT2 0AC
way/144439469-220,PT2 0AC
way/144545398-220,PT2 0AC
way/144554435-400,PT2 0AC
way/144573746-400,PT2 0AC
way/144584580-220,PT2 0AC
way/144584585-220,PT2 0AC
way/144588414-220,PT2 0AC
way/144596347-220,PT2 0AC
way/144599061-400,PT2 0AC
way/144601080-400,PT2 0AC
way/144608818-220,PT2 0AC
way/144622215-400,PT2 0AC
way/144635505-400,PT2 0AC
way/144639174-400,PT2 0AC
way/144654759-220,PT2 0AC
way/144762180-220,PT2 0AC
way/151061884-400,PT2 0AC
way/151111218-220,PT2 0AC
way/151162379-220,PT2 0AC
way/151168335-220,PT2 0AC
way/201459319-400,PT2 0AC
way/24636044-220,PT2 0AC
way/24636062-220,PT2 0AC
way/402947133-220,PT2 0AC
way/690953979-220,PT2 0AC
way/694016335-400,PT2 0AC
way/751560789-400,PT2 0AC
way/753364578-400,PT2 0AC
way/813954335-400,PT2 0AC
way/964625644-400,PT2 0AC
way/987944916-400,PT2 0AC
way/988035260-400,PT2 0AC
virtual_way/100606433:c:1-400,RO2 0AC
virtual_way/101158806:0-400,RO2 0AC
virtual_way/102265008:1-400,RO2 0AC
virtual_way/104155442:a:1-220,RO2 0AC
virtual_way/104226879:1-400,RO2 0AC
virtual_way/119429108:1-400,RO2 0AC
virtual_way/121564270:0-220,RO2 0AC
virtual_way/127670521:0-220,RO2 0AC
virtual_way/1297146349:1-400,RO2 0AC
virtual_way/1297146373:1-400,RO2 0AC
virtual_way/150778451:0-400,RO2 0AC
virtual_way/196672670:1-400,RO2 0AC
virtual_way/196723111:a:1-220,RO2 0AC
virtual_way/198283102:1-220,RO2 0AC
virtual_way/198777655:a:1-220,RO2 0AC
virtual_way/198777686:0-220,RO2 0AC
virtual_way/199657976:a:0-220,RO2 0AC
virtual_way/199657976:a:1-220,RO2 0AC
virtual_way/199657985:1-400,RO2 0AC
virtual_way/205384252:0-220,RO2 0AC
virtual_way/205542337:1-220,RO2 0AC
virtual_way/208294447:1-220,RO2 0AC
virtual_way/24854198:1-400,RO2 0AC
virtual_way/24854202:1-400,RO2 0AC
virtual_way/27928170:a:1-220,RO2 0AC
virtual_way/30020639:1-220,RO2 0AC
virtual_way/30020703:1-220,RO2 0AC
virtual_way/30621209:0-220,RO2 0AC
virtual_way/311560825:0-220,RO2 0AC
virtual_way/311562553:1-220,RO2 0AC
virtual_way/584400221:0-220,RO2 0AC
virtual_way/766496726:1-400,RO2 0AC
virtual_way/766496730:0-400,RO2 0AC
virtual_way/766496734:0-400,RO2 0AC
virtual_way/768716775:0-400,RO2 0AC
virtual_way/769606233:0-400,RO2 0AC
virtual_way/770405944:0-400,RO2 0AC
virtual_way/782272611:0-400,RO2 0AC
virtual_way/852703146:1-400,RO2 0AC
way/100654585-400,RO2 0AC
way/101158766-220,RO2 0AC
way/101258283-220,RO2 0AC
way/103213478-220,RO2 0AC
way/1066153075-220,RO2 0AC
way/1066158995-220,RO2 0AC
way/125672002-220,RO2 0AC
way/172029146-220,RO2 0AC
way/179934195-400,RO2 0AC
way/182655738-220,RO2 0AC
way/182886368-220,RO2 0AC
way/191363648-400,RO2 0AC
way/195155625-400,RO2 0AC
way/196557387-400,RO2 0AC
way/196654321-220,RO2 0AC
way/196672665-220,RO2 0AC
way/198276673-220,RO2 0AC
way/198283094-220,RO2 0AC
way/198333299-400,RO2 0AC
way/198777633-220,RO2 0AC
way/198777680-220,RO2 0AC
way/198777681-220,RO2 0AC
way/199657972-220,RO2 0AC
way/199657990-400,RO2 0AC
way/200720497-220,RO2 0AC
way/202461729-220,RO2 0AC
way/202948507-220,RO2 0AC
way/205384220-220,RO2 0AC
way/205894727-220,RO2 0AC
way/208045778-220,RO2 0AC
way/208263464-220,RO2 0AC
way/208452701-220,RO2 0AC
way/210831971-220,RO2 0AC
way/214146381-220,RO2 0AC
way/224849342-400,RO2 0AC
way/224885245-400,RO2 0AC
way/228718321-220,RO2 0AC
way/232578495-400,RO2 0AC
way/234876695-220,RO2 0AC
way/23575521-220,RO2 0AC
way/24710999-220,RO2 0AC
way/266629200-220,RO2 0AC
way/278910976-220,RO2 0AC
way/28251692-400,RO2 0AC
way/288598261-400,RO2 0AC
way/29975403-220,RO2 0AC
way/320998590-400,RO2 0AC
way/39524931-400,RO2 0AC
way/686646896-400,RO2 0AC
way/71212865-220,RO2 0AC
way/97334781-220,RO2 0AC
way/97402111-220,RO2 0AC
way/97872423-220,RO2 0AC
way/98111242-220,RO2 0AC
virtual_relation/5511184:0-220,RS2 0AC
virtual_way/152688948:1-400,RS2 0AC
virtual_way/174920695:1-400,RS2 0AC
virtual_way/174920697:1-400,RS2 0AC
virtual_way/223674099:1-400,RS2 0AC
virtual_way/237532245:0-220,RS2 0AC
virtual_way/349642760:1-220,RS2 0AC
virtual_way/52456885:1-220,RS2 0AC
virtual_way/52564134:1-220,RS2 0AC
way/144936638-220,RS2 0AC
way/152481174-220,RS2 0AC
way/174921474-400,RS2 0AC
way/232243950-400,RS2 0AC
way/236110936-220,RS2 0AC
way/236110952-400,RS2 0AC
way/236134509-220,RS2 0AC
way/238249884-400,RS2 0AC
way/239947121-220,RS2 0AC
way/239998425-220,RS2 0AC
way/240179355-400,RS2 0AC
way/254397982-220,RS2 0AC
way/267325562-400,RS2 0AC
way/273601208-220,RS2 0AC
way/288282829-220,RS2 0AC
way/317496363-220,RS2 0AC
way/317497727-220,RS2 0AC
way/330729171-400,RS2 0AC
way/330729178-220,RS2 0AC
way/411530745-220,RS2 0AC
way/419803318-220,RS2 0AC
way/498961839-400,RS2 0AC
way/52456886-220,RS2 0AC
way/52564762-220,RS2 0AC
way/89109496-400,RS2 0AC
relation/10153505-400,SE0 0AC
relation/10629005-400,SE0 0AC
relation/11334274-400,SE0 0AC
relation/11964241-400,SE0 0AC
relation/11971282-400,SE0 0AC
relation/12606773-220,SE0 0AC
relation/13889505-220,SE0 0AC
relation/14939275-400,SE0 0AC
relation/15654150-220,SE0 0AC
relation/15657009-400,SE0 0AC
relation/15657011-220,SE0 0AC
relation/18160532-400,SE0 0AC
relation/6081310-400,SE0 0AC
relation/7107330-220,SE0 0AC
relation/7108546-220,SE0 0AC
relation/7123679-220,SE0 0AC
relation/7313829-220,SE0 0AC
relation/7319976-220,SE0 0AC
virtual_relation/5963403:0-400,SE0 0AC
virtual_way/1026326337:1-220,SE0 0AC
virtual_way/117364892:0-220,SE0 0AC
virtual_way/12004715:1-220,SE0 0AC
virtual_way/12017732:1-400,SE0 0AC
virtual_way/14888802:a:1-400,SE0 0AC
virtual_way/160474490:0-400,SE0 0AC
virtual_way/168935346:a:1-220,SE0 0AC
virtual_way/172201472:1-400,SE0 0AC
virtual_way/188965945:1-400,SE0 0AC
virtual_way/200507299:1-400,SE0 0AC
virtual_way/23813112:0-400,SE0 0AC
virtual_way/24415566:1-220,SE0 0AC
virtual_way/261279870:1-220,SE0 0AC
virtual_way/263705490:1-400,SE0 0AC
virtual_way/263708229:0-400,SE0 0AC
virtual_way/263708237:0-400,SE0 0AC
virtual_way/263708237:1-400,SE0 0AC
virtual_way/263708249:1-400,SE0 0AC
virtual_way/263710358:1-400,SE0 0AC
virtual_way/278505921:1-400,SE0 0AC
virtual_way/278968691:0-220,SE0 0AC
virtual_way/278968694:1-220,SE0 0AC
virtual_way/280827026:1-400,SE0 0AC
virtual_way/38105001:0-400,SE0 0AC
virtual_way/469897923:a:1-220,SE0 0AC
virtual_way/50257553:0-400,SE0 0AC
virtual_way/71892564:0-400,SE0 0AC
way/101320612-400,SE0 0AC
way/1013436462-400,SE0 0AC
way/1022235514-220,SE0 0AC
way/1025505726-400,SE0 0AC
way/1025530508-400,SE0 0AC
way/1028201096-400,SE0 0AC
way/106607138-220,SE0 0AC
way/1207952344-400,SE0 0AC
way/1237755672-400,SE0 0AC
way/1265541077-400,SE0 0AC
way/1265541078-400,SE0 0AC
way/1302595553-400,SE0 0AC
way/138622087-220,SE0 0AC
way/144381726-220,SE0 0AC
way/1451345383-400,SE0 0AC
way/160474491-220,SE0 0AC
way/168056174-220,SE0 0AC
way/168351799-220,SE0 0AC
way/168908158-220,SE0 0AC
way/168935344-220,SE0 0AC
way/172201471-400,SE0 0AC
way/187832596-220,SE0 0AC
way/200052139-400,SE0 0AC
way/200222142-400,SE0 0AC
way/200224266-400,SE0 0AC
way/200772307-220,SE0 0AC
way/207159887-400,SE0 0AC
way/208965529-400,SE0 0AC
way/209175136-220,SE0 0AC
way/220076858-400,SE0 0AC
way/23470015-400,SE0 0AC
way/236759846-400,SE0 0AC
way/241937764-400,SE0 0AC
way/252824769-400,SE0 0AC
way/255570234-220,SE0 0AC
way/255820193-400,SE0 0AC
way/256147227-220,SE0 0AC
way/257920140-400,SE0 0AC
way/260770703-400,SE0 0AC
way/260986936-220,SE0 0AC
way/261447466-220,SE0 0AC
way/262859794-400,SE0 0AC
way/263688590-400,SE0 0AC
way/263697062-400,SE0 0AC
way/263701163-400,SE0 0AC
way/265416362-400,SE0 0AC
way/26755070-220,SE0 0AC
way/278497532-400,SE0 0AC
way/278505918-400,SE0 0AC
way/278968690-400,SE0 0AC
way/278968695-400,SE0 0AC
way/279194469-220,SE0 0AC
way/279212108-220,SE0 0AC
way/279842937-400,SE0 0AC
way/281023714-400,SE0 0AC
way/281390335-400,SE0 0AC
way/283078113-220,SE0 0AC
way/28390455-400,SE0 0AC
way/284127778-400,SE0 0AC
way/284182193-400,SE0 0AC
way/284869911-220,SE0 0AC
way/286857165-400,SE0 0AC
way/287753969-400,SE0 0AC
way/287756074-400,SE0 0AC
way/292593503-400,SE0 0AC
way/294798805-220,SE0 0AC
way/294897999-400,SE0 0AC
way/299750661-220,SE0 0AC
way/375751481-220,SE0 0AC
way/38105008-220,SE0 0AC
way/400471060-400,SE0 0AC
way/41906390-400,SE0 0AC
way/44636668-400,SE0 0AC
way/469402329-220,SE0 0AC
way/470977068-220,SE0 0AC
way/471002829-220,SE0 0AC
way/471015841-220,SE0 0AC
way/471732548-220,SE0 0AC
way/51252509-400,SE0 0AC
way/52956134-400,SE0 0AC
way/57675923-400,SE0 0AC
way/718209950-400,SE0 0AC
way/80702333-400,SE0 0AC
way/900170041-400,SE0 0AC
way/934908818-400,SE0 0AC
virtual_relation/3952094:0-380,SI2 0AC
virtual_way/105893877:0-400,SI2 0AC
virtual_way/54933954:1-220,SI2 0AC
way/105894370-400,SI2 0AC
way/113568896-220,SI2 0AC
way/119244495-220,SI2 0AC
way/138362793-220,SI2 0AC
way/167068843-220,SI2 0AC
way/96747435-220,SI2 0AC
relation/11038054-400,SK2 0AC
virtual_relation/5195776:a:1-220,SK2 0AC
virtual_way/100978616:1-400,SK2 0AC
virtual_way/1144171086:1-400,SK2 0AC
virtual_way/1150527220:0-400,SK2 0AC
virtual_way/167428065:1-220,SK2 0AC
virtual_way/181168333:1-400,SK2 0AC
virtual_way/187787571:1-400,SK2 0AC
virtual_way/191954677:1-220,SK2 0AC
virtual_way/211512792:1-400,SK2 0AC
virtual_way/211769226:1-400,SK2 0AC
virtual_way/756567214:1-400,SK2 0AC
virtual_way/914738592:0-400,SK2 0AC
virtual_way/93479877:a:1-400,SK2 0AC
way/100979306-220,SK2 0AC
way/111687967-400,SK2 0AC
way/122257444-400,SK2 0AC
way/128968280-400,SK2 0AC
way/146531966-220,SK2 0AC
way/175052362-400,SK2 0AC
way/220704941-400,SK2 0AC
way/229685438-400,SK2 0AC
way/239560640-220,SK2 0AC
way/320168128-400,SK2 0AC
way/33881667-400,SK2 0AC
way/5131796-400,SK2 0AC
way/51982806-220,SK2 0AC
way/614130490-400,SK2 0AC
way/648002755-400,SK2 0AC
way/666404730-400,SK2 0AC
way/672771472-400,SK2 0AC
way/93468022-400,SK2 0AC